<?xml version="1.0" encoding="UTF-8"?>
<config xmlns="http://www.knime.org/2008/09/XMLConfig" xmlns:xsi="http://www.w3.org/2001/XMLSchema-instance" xsi:schemaLocation="http://www.knime.org/2008/09/XMLConfig http://www.knime.org/XMLConfig_2008_09.xsd" key="model.xml">
<entry key="version" type="xint" value="1"/>
<entry key="class_name" type="xstring" value="org.knime.base.node.preproc.discretization.caim2.DiscretizationModel"/>
<config key="model">
<config key="DiscretizationSchemes">
<config key="Scheme_PCA dimension 0">
<config key="Interval_0">
<entry key="LeftBound" type="xdouble" value="-100.0"/>
<entry key="RightBound" type="xdouble" value="-0.952341812123735"/>
<entry key="IncludeLeft" type="xboolean" value="true"/>
<entry key="IncludeRight" type="xboolean" value="true"/>
</config>
<config key="Interval_1">
<entry key="LeftBound" type="xdouble" value="-0.952341812123735"/>
<entry key="RightBound" type="xdouble" value="100.0"/>
<entry key="IncludeLeft" type="xboolean" value="false"/>
<entry key="IncludeRight" type="xboolean" value="true"/>
</config>
</config>
<config key="Scheme_PCA dimension 1">
<config key="Interval_0">
<entry key="LeftBound" type="xdouble" value="-100.0"/>
<entry key="RightBound" type="xdouble" value="-1.0902644741130283"/>
<entry key="IncludeLeft" type="xboolean" value="true"/>
<entry key="IncludeRight" type="xboolean" value="true"/>
</config>
<config key="Interval_1">
<entry key="LeftBound" type="xdouble" value="-1.0902644741130283"/>
<entry key="RightBound" type="xdouble" value="100.0"/>
<entry key="IncludeLeft" type="xboolean" value="false"/>
<entry key="IncludeRight" type="xboolean" value="true"/>
</config>
</config>
<config key="Scheme_PCA dimension 2">
<config key="Interval_0">
<entry key="LeftBound" type="xdouble" value="-100.0"/>
<entry key="RightBound" type="xdouble" value="-0.39969138388941117"/>
<entry key="IncludeLeft" type="xboolean" value="true"/>
<entry key="IncludeRight" type="xboolean" value="true"/>
</config>
<config key="Interval_1">
<entry key="LeftBound" type="xdouble" value="-0.39969138388941117"/>
<entry key="RightBound" type="xdouble" value="100.0"/>
<entry key="IncludeLeft" type="xboolean" value="false"/>
<entry key="IncludeRight" type="xboolean" value="true"/>
</config>
</config>
<config key="Scheme_PCA dimension 3">
<config key="Interval_0">
<entry key="LeftBound" type="xdouble" value="-100.0"/>
<entry key="RightBound" type="xdouble" value="0.2887528101762844"/>
<entry key="IncludeLeft" type="xboolean" value="true"/>
<entry key="IncludeRight" type="xboolean" value="true"/>
</config>
<config key="Interval_1">
<entry key="LeftBound" type="xdouble" value="0.2887528101762844"/>
<entry key="RightBound" type="xdouble" value="100.0"/>
<entry key="IncludeLeft" type="xboolean" value="false"/>
<entry key="IncludeRight" type="xboolean" value="true"/>
</config>
</config>
<config key="Scheme_PCA dimension 4">
<config key="Interval_0">
<entry key="LeftBound" type="xdouble" value="-100.0"/>
<entry key="RightBound" type="xdouble" value="0.8225901219971878"/>
<entry key="IncludeLeft" type="xboolean" value="true"/>
<entry key="IncludeRight" type="xboolean" value="true"/>
</config>
<config key="Interval_1">
<entry key="LeftBound" type="xdouble" value="0.8225901219971878"/>
<entry key="RightBound" type="xdouble" value="100.0"/>
<entry key="IncludeLeft" type="xboolean" value="false"/>
<entry key="IncludeRight" type="xboolean" value="true"/>
</config>
</config>
<config key="Scheme_PCA dimension 5">
<config key="Interval_0">
<entry key="LeftBound" type="xdouble" value="-100.0"/>
<entry key="RightBound" type="xdouble" value="-0.3802196854780663"/>
<entry key="IncludeLeft" type="xboolean" value="true"/>
<entry key="IncludeRight" type="xboolean" value="true"/>
</config>
<config key="Interval_1">
<entry key="LeftBound" type="xdouble" value="-0.3802196854780663"/>
<entry key="RightBound" type="xdouble" value="100.0"/>
<entry key="IncludeLeft" type="xboolean" value="false"/>
<entry key="IncludeRight" type="xboolean" value="true"/>
</config>
</config>
<config key="Scheme_PCA dimension 6">
<config key="Interval_0">
<entry key="LeftBound" type="xdouble" value="-100.0"/>
<entry key="RightBound" type="xdouble" value="-0.5660585148399452"/>
<entry key="IncludeLeft" type="xboolean" value="true"/>
<entry key="IncludeRight" type="xboolean" value="true"/>
</config>
<config key="Interval_1">
<entry key="LeftBound" type="xdouble" value="-0.5660585148399452"/>
<entry key="RightBound" type="xdouble" value="100.0"/>
<entry key="IncludeLeft" type="xboolean" value="false"/>
<entry key="IncludeRight" type="xboolean" value="true"/>
</config>
</config>
<config key="Scheme_PCA dimension 7">
<config key="Interval_0">
<entry key="LeftBound" type="xdouble" value="-100.0"/>
<entry key="RightBound" type="xdouble" value="-0.5005162343695002"/>
<entry key="IncludeLeft" type="xboolean" value="true"/>
<entry key="IncludeRight" type="xboolean" value="true"/>
</config>
<config key="Interval_1">
<entry key="LeftBound" type="xdouble" value="-0.5005162343695002"/>
<entry key="RightBound" type="xdouble" value="100.0"/>
<entry key="IncludeLeft" type="xboolean" value="false"/>
<entry key="IncludeRight" type="xboolean" value="true"/>
</config>
</config>
<config key="Scheme_PCA dimension 8">
<config key="Interval_0">
<entry key="LeftBound" type="xdouble" value="-100.0"/>
<entry key="RightBound" type="xdouble" value="-1.3305813958800141"/>
<entry key="IncludeLeft" type="xboolean" value="true"/>
<entry key="IncludeRight" type="xboolean" value="true"/>
</config>
<config key="Interval_1">
<entry key="LeftBound" type="xdouble" value="-1.3305813958800141"/>
<entry key="RightBound" type="xdouble" value="100.0"/>
<entry key="IncludeLeft" type="xboolean" value="false"/>
<entry key="IncludeRight" type="xboolean" value="true"/>
</config>
</config>
<config key="Scheme_PCA dimension 9">
<config key="Interval_0">
<entry key="LeftBound" type="xdouble" value="-100.0"/>
<entry key="RightBound" type="xdouble" value="-0.09275155477619718"/>
<entry key="IncludeLeft" type="xboolean" value="true"/>
<entry key="IncludeRight" type="xboolean" value="true"/>
</config>
<config key="Interval_1">
<entry key="LeftBound" type="xdouble" value="-0.09275155477619718"/>
<entry key="RightBound" type="xdouble" value="100.0"/>
<entry key="IncludeLeft" type="xboolean" value="false"/>
<entry key="IncludeRight" type="xboolean" value="true"/>
</config>
</config>
<config key="Scheme_PCA dimension 10">
<config key="Interval_0">
<entry key="LeftBound" type="xdouble" value="-100.0"/>
<entry key="RightBound" type="xdouble" value="-1.9086287051570723"/>
<entry key="IncludeLeft" type="xboolean" value="true"/>
<entry key="IncludeRight" type="xboolean" value="true"/>
</config>
<config key="Interval_1">
<entry key="LeftBound" type="xdouble" value="-1.9086287051570723"/>
<entry key="RightBound" type="xdouble" value="100.0"/>
<entry key="IncludeLeft" type="xboolean" value="false"/>
<entry key="IncludeRight" type="xboolean" value="true"/>
</config>
</config>
<config key="Scheme_PCA dimension 11">
<config key="Interval_0">
<entry key="LeftBound" type="xdouble" value="-100.0"/>
<entry key="RightBound" type="xdouble" value="0.8068592736025892"/>
<entry key="IncludeLeft" type="xboolean" value="true"/>
<entry key="IncludeRight" type="xboolean" value="true"/>
</config>
<config key="Interval_1">
<entry key="LeftBound" type="xdouble" value="0.8068592736025892"/>
<entry key="RightBound" type="xdouble" value="100.0"/>
<entry key="IncludeLeft" type="xboolean" value="false"/>
<entry key="IncludeRight" type="xboolean" value="true"/>
</config>
</config>
<config key="Scheme_PCA dimension 12">
<config key="Interval_0">
<entry key="LeftBound" type="xdouble" value="-100.0"/>
<entry key="RightBound" type="xdouble" value="0.8098918698890616"/>
<entry key="IncludeLeft" type="xboolean" value="true"/>
<entry key="IncludeRight" type="xboolean" value="true"/>
</config>
<config key="Interval_1">
<entry key="LeftBound" type="xdouble" value="0.8098918698890616"/>
<entry key="RightBound" type="xdouble" value="100.0"/>
<entry key="IncludeLeft" type="xboolean" value="false"/>
<entry key="IncludeRight" type="xboolean" value="true"/>
</config>
</config>
<config key="Scheme_PCA dimension 13">
<config key="Interval_0">
<entry key="LeftBound" type="xdouble" value="-100.0"/>
<entry key="RightBound" type="xdouble" value="0.6600550314602573"/>
<entry key="IncludeLeft" type="xboolean" value="true"/>
<entry key="IncludeRight" type="xboolean" value="true"/>
</config>
<config key="Interval_1">
<entry key="LeftBound" type="xdouble" value="0.6600550314602573"/>
<entry key="RightBound" type="xdouble" value="100.0"/>
<entry key="IncludeLeft" type="xboolean" value="false"/>
<entry key="IncludeRight" type="xboolean" value="true"/>
</config>
</config>
<config key="Scheme_PCA dimension 14">
<config key="Interval_0">
<entry key="LeftBound" type="xdouble" value="-100.0"/>
<entry key="RightBound" type="xdouble" value="0.13107301785432382"/>
<entry key="IncludeLeft" type="xboolean" value="true"/>
<entry key="IncludeRight" type="xboolean" value="true"/>
</config>
<config key="Interval_1">
<entry key="LeftBound" type="xdouble" value="0.13107301785432382"/>
<entry key="RightBound" type="xdouble" value="100.0"/>
<entry key="IncludeLeft" type="xboolean" value="false"/>
<entry key="IncludeRight" type="xboolean" value="true"/>
</config>
</config>
<config key="Scheme_PCA dimension 15">
<config key="Interval_0">
<entry key="LeftBound" type="xdouble" value="-100.0"/>
<entry key="RightBound" type="xdouble" value="-0.03381563179423205"/>
<entry key="IncludeLeft" type="xboolean" value="true"/>
<entry key="IncludeRight" type="xboolean" value="true"/>
</config>
<config key="Interval_1">
<entry key="LeftBound" type="xdouble" value="-0.03381563179423205"/>
<entry key="RightBound" type="xdouble" value="100.0"/>
<entry key="IncludeLeft" type="xboolean" value="false"/>
<entry key="IncludeRight" type="xboolean" value="true"/>
</config>
</config>
<config key="Scheme_PCA dimension 16">
<config key="Interval_0">
<entry key="LeftBound" type="xdouble" value="-100.0"/>
<entry key="RightBound" type="xdouble" value="0.564825312623749"/>
<entry key="IncludeLeft" type="xboolean" value="true"/>
<entry key="IncludeRight" type="xboolean" value="true"/>
</config>
<config key="Interval_1">
<entry key="LeftBound" type="xdouble" value="0.564825312623749"/>
<entry key="RightBound" type="xdouble" value="100.0"/>
<entry key="IncludeLeft" type="xboolean" value="false"/>
<entry key="IncludeRight" type="xboolean" value="true"/>
</config>
</config>
<config key="Scheme_PCA dimension 17">
<config key="Interval_0">
<entry key="LeftBound" type="xdouble" value="-100.0"/>
<entry key="RightBound" type="xdouble" value="0.8455788434311913"/>
<entry key="IncludeLeft" type="xboolean" value="true"/>
<entry key="IncludeRight" type="xboolean" value="true"/>
</config>
<config key="Interval_1">
<entry key="LeftBound" type="xdouble" value="0.8455788434311913"/>
<entry key="RightBound" type="xdouble" value="100.0"/>
<entry key="IncludeLeft" type="xboolean" value="false"/>
<entry key="IncludeRight" type="xboolean" value="true"/>
</config>
</config>
<config key="Scheme_PCA dimension 18">
<config key="Interval_0">
<entry key="LeftBound" type="xdouble" value="-100.0"/>
<entry key="RightBound" type="xdouble" value="-0.04622975424940565"/>
<entry key="IncludeLeft" type="xboolean" value="true"/>
<entry key="IncludeRight" type="xboolean" value="true"/>
</config>
<config key="Interval_1">
<entry key="LeftBound" type="xdouble" value="-0.04622975424940565"/>
<entry key="RightBound" type="xdouble" value="100.0"/>
<entry key="IncludeLeft" type="xboolean" value="false"/>
<entry key="IncludeRight" type="xboolean" value="true"/>
</config>
</config>
<config key="Scheme_PCA dimension 19">
<config key="Interval_0">
<entry key="LeftBound" type="xdouble" value="-100.0"/>
<entry key="RightBound" type="xdouble" value="-0.22911950015119079"/>
<entry key="IncludeLeft" type="xboolean" value="true"/>
<entry key="IncludeRight" type="xboolean" value="true"/>
</config>
<config key="Interval_1">
<entry key="LeftBound" type="xdouble" value="-0.22911950015119079"/>
<entry key="RightBound" type="xdouble" value="100.0"/>
<entry key="IncludeLeft" type="xboolean" value="false"/>
<entry key="IncludeRight" type="xboolean" value="true"/>
</config>
</config>
<config key="Scheme_PCA dimension 20">
<config key="Interval_0">
<entry key="LeftBound" type="xdouble" value="-100.0"/>
<entry key="RightBound" type="xdouble" value="-0.07208219868287191"/>
<entry key="IncludeLeft" type="xboolean" value="true"/>
<entry key="IncludeRight" type="xboolean" value="true"/>
</config>
<config key="Interval_1">
<entry key="LeftBound" type="xdouble" value="-0.07208219868287191"/>
<entry key="RightBound" type="xdouble" value="100.0"/>
<entry key="IncludeLeft" type="xboolean" value="false"/>
<entry key="IncludeRight" type="xboolean" value="true"/>
</config>
</config>
<config key="Scheme_PCA dimension 21">
<config key="Interval_0">
<entry key="LeftBound" type="xdouble" value="-100.0"/>
<entry key="RightBound" type="xdouble" value="0.29561509329398006"/>
<entry key="IncludeLeft" type="xboolean" value="true"/>
<entry key="IncludeRight" type="xboolean" value="true"/>
</config>
<config key="Interval_1">
<entry key="LeftBound" type="xdouble" value="0.29561509329398006"/>
<entry key="RightBound" type="xdouble" value="100.0"/>
<entry key="IncludeLeft" type="xboolean" value="false"/>
<entry key="IncludeRight" type="xboolean" value="true"/>
</config>
</config>
<config key="Scheme_PCA dimension 22">
<config key="Interval_0">
<entry key="LeftBound" type="xdouble" value="-100.0"/>
<entry key="RightBound" type="xdouble" value="0.023642732399737923"/>
<entry key="IncludeLeft" type="xboolean" value="true"/>
<entry key="IncludeRight" type="xboolean" value="true"/>
</config>
<config key="Interval_1">
<entry key="LeftBound" type="xdouble" value="0.023642732399737923"/>
<entry key="RightBound" type="xdouble" value="100.0"/>
<entry key="IncludeLeft" type="xboolean" value="false"/>
<entry key="IncludeRight" type="xboolean" value="true"/>
</config>
</config>
<config key="Scheme_PCA dimension 23">
<config key="Interval_0">
<entry key="LeftBound" type="xdouble" value="-100.0"/>
<entry key="RightBound" type="xdouble" value="-0.27818445614286785"/>
<entry key="IncludeLeft" type="xboolean" value="true"/>
<entry key="IncludeRight" type="xboolean" value="true"/>
</config>
<config key="Interval_1">
<entry key="LeftBound" type="xdouble" value="-0.27818445614286785"/>
<entry key="RightBound" type="xdouble" value="100.0"/>
<entry key="IncludeLeft" type="xboolean" value="false"/>
<entry key="IncludeRight" type="xboolean" value="true"/>
</config>
</config>
<config key="Scheme_PCA dimension 24">
<config key="Interval_0">
<entry key="LeftBound" type="xdouble" value="-100.0"/>
<entry key="RightBound" type="xdouble" value="0.29725207486979077"/>
<entry key="IncludeLeft" type="xboolean" value="true"/>
<entry key="IncludeRight" type="xboolean" value="true"/>
</config>
<config key="Interval_1">
<entry key="LeftBound" type="xdouble" value="0.29725207486979077"/>
<entry key="RightBound" type="xdouble" value="100.0"/>
<entry key="IncludeLeft" type="xboolean" value="false"/>
<entry key="IncludeRight" type="xboolean" value="true"/>
</config>
</config>
<config key="Scheme_PCA dimension 25">
<config key="Interval_0">
<entry key="LeftBound" type="xdouble" value="-100.0"/>
<entry key="RightBound" type="xdouble" value="0.5410059818620243"/>
<entry key="IncludeLeft" type="xboolean" value="true"/>
<entry key="IncludeRight" type="xboolean" value="true"/>
</config>
<config key="Interval_1">
<entry key="LeftBound" type="xdouble" value="0.5410059818620243"/>
<entry key="RightBound" type="xdouble" value="100.0"/>
<entry key="IncludeLeft" type="xboolean" value="false"/>
<entry key="IncludeRight" type="xboolean" value="true"/>
</config>
</config>
<config key="Scheme_PCA dimension 26">
<config key="Interval_0">
<entry key="LeftBound" type="xdouble" value="-100.0"/>
<entry key="RightBound" type="xdouble" value="0.4425022796722523"/>
<entry key="IncludeLeft" type="xboolean" value="true"/>
<entry key="IncludeRight" type="xboolean" value="true"/>
</config>
<config key="Interval_1">
<entry key="LeftBound" type="xdouble" value="0.4425022796722523"/>
<entry key="RightBound" type="xdouble" value="100.0"/>
<entry key="IncludeLeft" type="xboolean" value="false"/>
<entry key="IncludeRight" type="xboolean" value="true"/>
</config>
</config>
<config key="Scheme_PCA dimension 27">
<config key="Interval_0">
<entry key="LeftBound" type="xdouble" value="-100.0"/>
<entry key="RightBound" type="xdouble" value="-0.2013057392693589"/>
<entry key="IncludeLeft" type="xboolean" value="true"/>
<entry key="IncludeRight" type="xboolean" value="true"/>
</config>
<config key="Interval_1">
<entry key="LeftBound" type="xdouble" value="-0.2013057392693589"/>
<entry key="RightBound" type="xdouble" value="100.0"/>
<entry key="IncludeLeft" type="xboolean" value="false"/>
<entry key="IncludeRight" type="xboolean" value="true"/>
</config>
</config>
<config key="Scheme_PCA dimension 28">
<config key="Interval_0">
<entry key="LeftBound" type="xdouble" value="-100.0"/>
<entry key="RightBound" type="xdouble" value="-0.4412760275971037"/>
<entry key="IncludeLeft" type="xboolean" value="true"/>
<entry key="IncludeRight" type="xboolean" value="true"/>
</config>
<config key="Interval_1">
<entry key="LeftBound" type="xdouble" value="-0.4412760275971037"/>
<entry key="RightBound" type="xdouble" value="100.0"/>
<entry key="IncludeLeft" type="xboolean" value="false"/>
<entry key="IncludeRight" type="xboolean" value="true"/>
</config>
</config>
<config key="Scheme_PCA dimension 29">
<config key="Interval_0">
<entry key="LeftBound" type="xdouble" value="-100.0"/>
<entry key="RightBound" type="xdouble" value="0.08706138324187034"/>
<entry key="IncludeLeft" type="xboolean" value="true"/>
<entry key="IncludeRight" type="xboolean" value="true"/>
</config>
<config key="Interval_1">
<entry key="LeftBound" type="xdouble" value="0.08706138324187034"/>
<entry key="RightBound" type="xdouble" value="100.0"/>
<entry key="IncludeLeft" type="xboolean" value="false"/>
<entry key="IncludeRight" type="xboolean" value="true"/>
</config>
</config>
<config key="Scheme_PCA dimension 30">
<config key="Interval_0">
<entry key="LeftBound" type="xdouble" value="-100.0"/>
<entry key="RightBound" type="xdouble" value="0.4687966291854656"/>
<entry key="IncludeLeft" type="xboolean" value="true"/>
<entry key="IncludeRight" type="xboolean" value="true"/>
</config>
<config key="Interval_1">
<entry key="LeftBound" type="xdouble" value="0.4687966291854656"/>
<entry key="RightBound" type="xdouble" value="100.0"/>
<entry key="IncludeLeft" type="xboolean" value="false"/>
<entry key="IncludeRight" type="xboolean" value="true"/>
</config>
</config>
<config key="Scheme_PCA dimension 31">
<config key="Interval_0">
<entry key="LeftBound" type="xdouble" value="-100.0"/>
<entry key="RightBound" type="xdouble" value="-0.23097998739496206"/>
<entry key="IncludeLeft" type="xboolean" value="true"/>
<entry key="IncludeRight" type="xboolean" value="true"/>
</config>
<config key="Interval_1">
<entry key="LeftBound" type="xdouble" value="-0.23097998739496206"/>
<entry key="RightBound" type="xdouble" value="100.0"/>
<entry key="IncludeLeft" type="xboolean" value="false"/>
<entry key="IncludeRight" type="xboolean" value="true"/>
</config>
</config>
</config>
</config>
</config>
