<?xml version="1.0" encoding="UTF-8"?>
<config xmlns="http://www.knime.org/2008/09/XMLConfig" xmlns:xsi="http://www.w3.org/2001/XMLSchema-instance" xsi:schemaLocation="http://www.knime.org/2008/09/XMLConfig http://www.knime.org/XMLConfig_2008_09.xsd" key="model.xml">
<entry key="version" type="xint" value="1"/>
<entry key="class_name" type="xstring" value="org.knime.base.node.preproc.discretization.caim2.DiscretizationModel"/>
<config key="model">
<config key="DiscretizationSchemes">
<config key="Scheme_PCA dimension 0">
<config key="Interval_0">
<entry key="LeftBound" type="xdouble" value="-100.0"/>
<entry key="RightBound" type="xdouble" value="-0.5486203703424576"/>
<entry key="IncludeLeft" type="xboolean" value="true"/>
<entry key="IncludeRight" type="xboolean" value="true"/>
</config>
<config key="Interval_1">
<entry key="LeftBound" type="xdouble" value="-0.5486203703424576"/>
<entry key="RightBound" type="xdouble" value="100.0"/>
<entry key="IncludeLeft" type="xboolean" value="false"/>
<entry key="IncludeRight" type="xboolean" value="true"/>
</config>
</config>
<config key="Scheme_PCA dimension 1">
<config key="Interval_0">
<entry key="LeftBound" type="xdouble" value="-100.0"/>
<entry key="RightBound" type="xdouble" value="0.1337944874909694"/>
<entry key="IncludeLeft" type="xboolean" value="true"/>
<entry key="IncludeRight" type="xboolean" value="true"/>
</config>
<config key="Interval_1">
<entry key="LeftBound" type="xdouble" value="0.1337944874909694"/>
<entry key="RightBound" type="xdouble" value="100.0"/>
<entry key="IncludeLeft" type="xboolean" value="false"/>
<entry key="IncludeRight" type="xboolean" value="true"/>
</config>
</config>
<config key="Scheme_PCA dimension 2">
<config key="Interval_0">
<entry key="LeftBound" type="xdouble" value="-100.0"/>
<entry key="RightBound" type="xdouble" value="1.0422079348733102"/>
<entry key="IncludeLeft" type="xboolean" value="true"/>
<entry key="IncludeRight" type="xboolean" value="true"/>
</config>
<config key="Interval_1">
<entry key="LeftBound" type="xdouble" value="1.0422079348733102"/>
<entry key="RightBound" type="xdouble" value="100.0"/>
<entry key="IncludeLeft" type="xboolean" value="false"/>
<entry key="IncludeRight" type="xboolean" value="true"/>
</config>
</config>
<config key="Scheme_PCA dimension 3">
<config key="Interval_0">
<entry key="LeftBound" type="xdouble" value="-100.0"/>
<entry key="RightBound" type="xdouble" value="-1.0306259800044784"/>
<entry key="IncludeLeft" type="xboolean" value="true"/>
<entry key="IncludeRight" type="xboolean" value="true"/>
</config>
<config key="Interval_1">
<entry key="LeftBound" type="xdouble" value="-1.0306259800044784"/>
<entry key="RightBound" type="xdouble" value="100.0"/>
<entry key="IncludeLeft" type="xboolean" value="false"/>
<entry key="IncludeRight" type="xboolean" value="true"/>
</config>
</config>
<config key="Scheme_PCA dimension 4">
<config key="Interval_0">
<entry key="LeftBound" type="xdouble" value="-100.0"/>
<entry key="RightBound" type="xdouble" value="-0.467255030091707"/>
<entry key="IncludeLeft" type="xboolean" value="true"/>
<entry key="IncludeRight" type="xboolean" value="true"/>
</config>
<config key="Interval_1">
<entry key="LeftBound" type="xdouble" value="-0.467255030091707"/>
<entry key="RightBound" type="xdouble" value="100.0"/>
<entry key="IncludeLeft" type="xboolean" value="false"/>
<entry key="IncludeRight" type="xboolean" value="true"/>
</config>
</config>
<config key="Scheme_PCA dimension 5">
<config key="Interval_0">
<entry key="LeftBound" type="xdouble" value="-100.0"/>
<entry key="RightBound" type="xdouble" value="-1.39022207888353"/>
<entry key="IncludeLeft" type="xboolean" value="true"/>
<entry key="IncludeRight" type="xboolean" value="true"/>
</config>
<config key="Interval_1">
<entry key="LeftBound" type="xdouble" value="-1.39022207888353"/>
<entry key="RightBound" type="xdouble" value="100.0"/>
<entry key="IncludeLeft" type="xboolean" value="false"/>
<entry key="IncludeRight" type="xboolean" value="true"/>
</config>
</config>
<config key="Scheme_PCA dimension 6">
<config key="Interval_0">
<entry key="LeftBound" type="xdouble" value="-100.0"/>
<entry key="RightBound" type="xdouble" value="-0.07977004341822033"/>
<entry key="IncludeLeft" type="xboolean" value="true"/>
<entry key="IncludeRight" type="xboolean" value="true"/>
</config>
<config key="Interval_1">
<entry key="LeftBound" type="xdouble" value="-0.07977004341822033"/>
<entry key="RightBound" type="xdouble" value="100.0"/>
<entry key="IncludeLeft" type="xboolean" value="false"/>
<entry key="IncludeRight" type="xboolean" value="true"/>
</config>
</config>
<config key="Scheme_PCA dimension 7">
<config key="Interval_0">
<entry key="LeftBound" type="xdouble" value="-100.0"/>
<entry key="RightBound" type="xdouble" value="0.5254972337089776"/>
<entry key="IncludeLeft" type="xboolean" value="true"/>
<entry key="IncludeRight" type="xboolean" value="true"/>
</config>
<config key="Interval_1">
<entry key="LeftBound" type="xdouble" value="0.5254972337089776"/>
<entry key="RightBound" type="xdouble" value="100.0"/>
<entry key="IncludeLeft" type="xboolean" value="false"/>
<entry key="IncludeRight" type="xboolean" value="true"/>
</config>
</config>
<config key="Scheme_PCA dimension 8">
<config key="Interval_0">
<entry key="LeftBound" type="xdouble" value="-100.0"/>
<entry key="RightBound" type="xdouble" value="-1.22774990858839"/>
<entry key="IncludeLeft" type="xboolean" value="true"/>
<entry key="IncludeRight" type="xboolean" value="true"/>
</config>
<config key="Interval_1">
<entry key="LeftBound" type="xdouble" value="-1.22774990858839"/>
<entry key="RightBound" type="xdouble" value="100.0"/>
<entry key="IncludeLeft" type="xboolean" value="false"/>
<entry key="IncludeRight" type="xboolean" value="true"/>
</config>
</config>
<config key="Scheme_PCA dimension 9">
<config key="Interval_0">
<entry key="LeftBound" type="xdouble" value="-100.0"/>
<entry key="RightBound" type="xdouble" value="-0.9557002811579625"/>
<entry key="IncludeLeft" type="xboolean" value="true"/>
<entry key="IncludeRight" type="xboolean" value="true"/>
</config>
<config key="Interval_1">
<entry key="LeftBound" type="xdouble" value="-0.9557002811579625"/>
<entry key="RightBound" type="xdouble" value="100.0"/>
<entry key="IncludeLeft" type="xboolean" value="false"/>
<entry key="IncludeRight" type="xboolean" value="true"/>
</config>
</config>
<config key="Scheme_PCA dimension 10">
<config key="Interval_0">
<entry key="LeftBound" type="xdouble" value="-100.0"/>
<entry key="RightBound" type="xdouble" value="0.03510416899259131"/>
<entry key="IncludeLeft" type="xboolean" value="true"/>
<entry key="IncludeRight" type="xboolean" value="true"/>
</config>
<config key="Interval_1">
<entry key="LeftBound" type="xdouble" value="0.03510416899259131"/>
<entry key="RightBound" type="xdouble" value="100.0"/>
<entry key="IncludeLeft" type="xboolean" value="false"/>
<entry key="IncludeRight" type="xboolean" value="true"/>
</config>
</config>
<config key="Scheme_PCA dimension 11">
<config key="Interval_0">
<entry key="LeftBound" type="xdouble" value="-100.0"/>
<entry key="RightBound" type="xdouble" value="-1.143511140019891"/>
<entry key="IncludeLeft" type="xboolean" value="true"/>
<entry key="IncludeRight" type="xboolean" value="true"/>
</config>
<config key="Interval_1">
<entry key="LeftBound" type="xdouble" value="-1.143511140019891"/>
<entry key="RightBound" type="xdouble" value="100.0"/>
<entry key="IncludeLeft" type="xboolean" value="false"/>
<entry key="IncludeRight" type="xboolean" value="true"/>
</config>
</config>
<config key="Scheme_PCA dimension 12">
<config key="Interval_0">
<entry key="LeftBound" type="xdouble" value="-100.0"/>
<entry key="RightBound" type="xdouble" value="-1.0272730016605751"/>
<entry key="IncludeLeft" type="xboolean" value="true"/>
<entry key="IncludeRight" type="xboolean" value="true"/>
</config>
<config key="Interval_1">
<entry key="LeftBound" type="xdouble" value="-1.0272730016605751"/>
<entry key="RightBound" type="xdouble" value="100.0"/>
<entry key="IncludeLeft" type="xboolean" value="false"/>
<entry key="IncludeRight" type="xboolean" value="true"/>
</config>
</config>
<config key="Scheme_PCA dimension 13">
<config key="Interval_0">
<entry key="LeftBound" type="xdouble" value="-100.0"/>
<entry key="RightBound" type="xdouble" value="-0.44925830525441124"/>
<entry key="IncludeLeft" type="xboolean" value="true"/>
<entry key="IncludeRight" type="xboolean" value="true"/>
</config>
<config key="Interval_1">
<entry key="LeftBound" type="xdouble" value="-0.44925830525441124"/>
<entry key="RightBound" type="xdouble" value="100.0"/>
<entry key="IncludeLeft" type="xboolean" value="false"/>
<entry key="IncludeRight" type="xboolean" value="true"/>
</config>
</config>
<config key="Scheme_PCA dimension 14">
<config key="Interval_0">
<entry key="LeftBound" type="xdouble" value="-100.0"/>
<entry key="RightBound" type="xdouble" value="-0.5160715395777319"/>
<entry key="IncludeLeft" type="xboolean" value="true"/>
<entry key="IncludeRight" type="xboolean" value="true"/>
</config>
<config key="Interval_1">
<entry key="LeftBound" type="xdouble" value="-0.5160715395777319"/>
<entry key="RightBound" type="xdouble" value="100.0"/>
<entry key="IncludeLeft" type="xboolean" value="false"/>
<entry key="IncludeRight" type="xboolean" value="true"/>
</config>
</config>
<config key="Scheme_PCA dimension 15">
<config key="Interval_0">
<entry key="LeftBound" type="xdouble" value="-100.0"/>
<entry key="RightBound" type="xdouble" value="-1.3203306279212335"/>
<entry key="IncludeLeft" type="xboolean" value="true"/>
<entry key="IncludeRight" type="xboolean" value="true"/>
</config>
<config key="Interval_1">
<entry key="LeftBound" type="xdouble" value="-1.3203306279212335"/>
<entry key="RightBound" type="xdouble" value="100.0"/>
<entry key="IncludeLeft" type="xboolean" value="false"/>
<entry key="IncludeRight" type="xboolean" value="true"/>
</config>
</config>
<config key="Scheme_PCA dimension 16">
<config key="Interval_0">
<entry key="LeftBound" type="xdouble" value="-100.0"/>
<entry key="RightBound" type="xdouble" value="0.319337718570726"/>
<entry key="IncludeLeft" type="xboolean" value="true"/>
<entry key="IncludeRight" type="xboolean" value="true"/>
</config>
<config key="Interval_1">
<entry key="LeftBound" type="xdouble" value="0.319337718570726"/>
<entry key="RightBound" type="xdouble" value="100.0"/>
<entry key="IncludeLeft" type="xboolean" value="false"/>
<entry key="IncludeRight" type="xboolean" value="true"/>
</config>
</config>
<config key="Scheme_PCA dimension 17">
<config key="Interval_0">
<entry key="LeftBound" type="xdouble" value="-100.0"/>
<entry key="RightBound" type="xdouble" value="0.423575521156026"/>
<entry key="IncludeLeft" type="xboolean" value="true"/>
<entry key="IncludeRight" type="xboolean" value="true"/>
</config>
<config key="Interval_1">
<entry key="LeftBound" type="xdouble" value="0.423575521156026"/>
<entry key="RightBound" type="xdouble" value="100.0"/>
<entry key="IncludeLeft" type="xboolean" value="false"/>
<entry key="IncludeRight" type="xboolean" value="true"/>
</config>
</config>
<config key="Scheme_PCA dimension 18">
<config key="Interval_0">
<entry key="LeftBound" type="xdouble" value="-100.0"/>
<entry key="RightBound" type="xdouble" value="0.2538588273166902"/>
<entry key="IncludeLeft" type="xboolean" value="true"/>
<entry key="IncludeRight" type="xboolean" value="true"/>
</config>
<config key="Interval_1">
<entry key="LeftBound" type="xdouble" value="0.2538588273166902"/>
<entry key="RightBound" type="xdouble" value="100.0"/>
<entry key="IncludeLeft" type="xboolean" value="false"/>
<entry key="IncludeRight" type="xboolean" value="true"/>
</config>
</config>
<config key="Scheme_PCA dimension 19">
<config key="Interval_0">
<entry key="LeftBound" type="xdouble" value="-100.0"/>
<entry key="RightBound" type="xdouble" value="0.6546045917629195"/>
<entry key="IncludeLeft" type="xboolean" value="true"/>
<entry key="IncludeRight" type="xboolean" value="true"/>
</config>
<config key="Interval_1">
<entry key="LeftBound" type="xdouble" value="0.6546045917629195"/>
<entry key="RightBound" type="xdouble" value="100.0"/>
<entry key="IncludeLeft" type="xboolean" value="false"/>
<entry key="IncludeRight" type="xboolean" value="true"/>
</config>
</config>
<config key="Scheme_PCA dimension 20">
<config key="Interval_0">
<entry key="LeftBound" type="xdouble" value="-100.0"/>
<entry key="RightBound" type="xdouble" value="-0.4742715240462173"/>
<entry key="IncludeLeft" type="xboolean" value="true"/>
<entry key="IncludeRight" type="xboolean" value="true"/>
</config>
<config key="Interval_1">
<entry key="LeftBound" type="xdouble" value="-0.4742715240462173"/>
<entry key="RightBound" type="xdouble" value="100.0"/>
<entry key="IncludeLeft" type="xboolean" value="false"/>
<entry key="IncludeRight" type="xboolean" value="true"/>
</config>
</config>
<config key="Scheme_PCA dimension 21">
<config key="Interval_0">
<entry key="LeftBound" type="xdouble" value="-100.0"/>
<entry key="RightBound" type="xdouble" value="0.11633617172547578"/>
<entry key="IncludeLeft" type="xboolean" value="true"/>
<entry key="IncludeRight" type="xboolean" value="true"/>
</config>
<config key="Interval_1">
<entry key="LeftBound" type="xdouble" value="0.11633617172547578"/>
<entry key="RightBound" type="xdouble" value="100.0"/>
<entry key="IncludeLeft" type="xboolean" value="false"/>
<entry key="IncludeRight" type="xboolean" value="true"/>
</config>
</config>
<config key="Scheme_PCA dimension 22">
<config key="Interval_0">
<entry key="LeftBound" type="xdouble" value="-100.0"/>
<entry key="RightBound" type="xdouble" value="0.6692411210814142"/>
<entry key="IncludeLeft" type="xboolean" value="true"/>
<entry key="IncludeRight" type="xboolean" value="true"/>
</config>
<config key="Interval_1">
<entry key="LeftBound" type="xdouble" value="0.6692411210814142"/>
<entry key="RightBound" type="xdouble" value="100.0"/>
<entry key="IncludeLeft" type="xboolean" value="false"/>
<entry key="IncludeRight" type="xboolean" value="true"/>
</config>
</config>
<config key="Scheme_PCA dimension 23">
<config key="Interval_0">
<entry key="LeftBound" type="xdouble" value="-100.0"/>
<entry key="RightBound" type="xdouble" value="-0.5534669257868025"/>
<entry key="IncludeLeft" type="xboolean" value="true"/>
<entry key="IncludeRight" type="xboolean" value="true"/>
</config>
<config key="Interval_1">
<entry key="LeftBound" type="xdouble" value="-0.5534669257868025"/>
<entry key="RightBound" type="xdouble" value="100.0"/>
<entry key="IncludeLeft" type="xboolean" value="false"/>
<entry key="IncludeRight" type="xboolean" value="true"/>
</config>
</config>
<config key="Scheme_PCA dimension 24">
<config key="Interval_0">
<entry key="LeftBound" type="xdouble" value="-100.0"/>
<entry key="RightBound" type="xdouble" value="0.3160797793434911"/>
<entry key="IncludeLeft" type="xboolean" value="true"/>
<entry key="IncludeRight" type="xboolean" value="true"/>
</config>
<config key="Interval_1">
<entry key="LeftBound" type="xdouble" value="0.3160797793434911"/>
<entry key="RightBound" type="xdouble" value="100.0"/>
<entry key="IncludeLeft" type="xboolean" value="false"/>
<entry key="IncludeRight" type="xboolean" value="true"/>
</config>
</config>
<config key="Scheme_PCA dimension 25">
<config key="Interval_0">
<entry key="LeftBound" type="xdouble" value="-100.0"/>
<entry key="RightBound" type="xdouble" value="-0.403883129786289"/>
<entry key="IncludeLeft" type="xboolean" value="true"/>
<entry key="IncludeRight" type="xboolean" value="true"/>
</config>
<config key="Interval_1">
<entry key="LeftBound" type="xdouble" value="-0.403883129786289"/>
<entry key="RightBound" type="xdouble" value="100.0"/>
<entry key="IncludeLeft" type="xboolean" value="false"/>
<entry key="IncludeRight" type="xboolean" value="true"/>
</config>
</config>
<config key="Scheme_PCA dimension 26">
<config key="Interval_0">
<entry key="LeftBound" type="xdouble" value="-100.0"/>
<entry key="RightBound" type="xdouble" value="0.34437535906673744"/>
<entry key="IncludeLeft" type="xboolean" value="true"/>
<entry key="IncludeRight" type="xboolean" value="true"/>
</config>
<config key="Interval_1">
<entry key="LeftBound" type="xdouble" value="0.34437535906673744"/>
<entry key="RightBound" type="xdouble" value="100.0"/>
<entry key="IncludeLeft" type="xboolean" value="false"/>
<entry key="IncludeRight" type="xboolean" value="true"/>
</config>
</config>
<config key="Scheme_PCA dimension 27">
<config key="Interval_0">
<entry key="LeftBound" type="xdouble" value="-100.0"/>
<entry key="RightBound" type="xdouble" value="-0.34451965270987917"/>
<entry key="IncludeLeft" type="xboolean" value="true"/>
<entry key="IncludeRight" type="xboolean" value="true"/>
</config>
<config key="Interval_1">
<entry key="LeftBound" type="xdouble" value="-0.34451965270987917"/>
<entry key="RightBound" type="xdouble" value="100.0"/>
<entry key="IncludeLeft" type="xboolean" value="false"/>
<entry key="IncludeRight" type="xboolean" value="true"/>
</config>
</config>
<config key="Scheme_PCA dimension 28">
<config key="Interval_0">
<entry key="LeftBound" type="xdouble" value="-100.0"/>
<entry key="RightBound" type="xdouble" value="0.5084461959214925"/>
<entry key="IncludeLeft" type="xboolean" value="true"/>
<entry key="IncludeRight" type="xboolean" value="true"/>
</config>
<config key="Interval_1">
<entry key="LeftBound" type="xdouble" value="0.5084461959214925"/>
<entry key="RightBound" type="xdouble" value="100.0"/>
<entry key="IncludeLeft" type="xboolean" value="false"/>
<entry key="IncludeRight" type="xboolean" value="true"/>
</config>
</config>
<config key="Scheme_PCA dimension 29">
<config key="Interval_0">
<entry key="LeftBound" type="xdouble" value="-100.0"/>
<entry key="RightBound" type="xdouble" value="-0.8233116662974576"/>
<entry key="IncludeLeft" type="xboolean" value="true"/>
<entry key="IncludeRight" type="xboolean" value="true"/>
</config>
<config key="Interval_1">
<entry key="LeftBound" type="xdouble" value="-0.8233116662974576"/>
<entry key="RightBound" type="xdouble" value="100.0"/>
<entry key="IncludeLeft" type="xboolean" value="false"/>
<entry key="IncludeRight" type="xboolean" value="true"/>
</config>
</config>
<config key="Scheme_PCA dimension 30">
<config key="Interval_0">
<entry key="LeftBound" type="xdouble" value="-100.0"/>
<entry key="RightBound" type="xdouble" value="-0.36769362561300434"/>
<entry key="IncludeLeft" type="xboolean" value="true"/>
<entry key="IncludeRight" type="xboolean" value="true"/>
</config>
<config key="Interval_1">
<entry key="LeftBound" type="xdouble" value="-0.36769362561300434"/>
<entry key="RightBound" type="xdouble" value="100.0"/>
<entry key="IncludeLeft" type="xboolean" value="false"/>
<entry key="IncludeRight" type="xboolean" value="true"/>
</config>
</config>
<config key="Scheme_PCA dimension 31">
<config key="Interval_0">
<entry key="LeftBound" type="xdouble" value="-100.0"/>
<entry key="RightBound" type="xdouble" value="0.47401528855503106"/>
<entry key="IncludeLeft" type="xboolean" value="true"/>
<entry key="IncludeRight" type="xboolean" value="true"/>
</config>
<config key="Interval_1">
<entry key="LeftBound" type="xdouble" value="0.47401528855503106"/>
<entry key="RightBound" type="xdouble" value="100.0"/>
<entry key="IncludeLeft" type="xboolean" value="false"/>
<entry key="IncludeRight" type="xboolean" value="true"/>
</config>
</config>
<config key="Scheme_PCA dimension 32">
<config key="Interval_0">
<entry key="LeftBound" type="xdouble" value="-100.0"/>
<entry key="RightBound" type="xdouble" value="0.42364688797647565"/>
<entry key="IncludeLeft" type="xboolean" value="true"/>
<entry key="IncludeRight" type="xboolean" value="true"/>
</config>
<config key="Interval_1">
<entry key="LeftBound" type="xdouble" value="0.42364688797647565"/>
<entry key="RightBound" type="xdouble" value="100.0"/>
<entry key="IncludeLeft" type="xboolean" value="false"/>
<entry key="IncludeRight" type="xboolean" value="true"/>
</config>
</config>
<config key="Scheme_PCA dimension 33">
<config key="Interval_0">
<entry key="LeftBound" type="xdouble" value="-100.0"/>
<entry key="RightBound" type="xdouble" value="-0.3778259718439496"/>
<entry key="IncludeLeft" type="xboolean" value="true"/>
<entry key="IncludeRight" type="xboolean" value="true"/>
</config>
<config key="Interval_1">
<entry key="LeftBound" type="xdouble" value="-0.3778259718439496"/>
<entry key="RightBound" type="xdouble" value="100.0"/>
<entry key="IncludeLeft" type="xboolean" value="false"/>
<entry key="IncludeRight" type="xboolean" value="true"/>
</config>
</config>
<config key="Scheme_PCA dimension 34">
<config key="Interval_0">
<entry key="LeftBound" type="xdouble" value="-100.0"/>
<entry key="RightBound" type="xdouble" value="0.06085587527646535"/>
<entry key="IncludeLeft" type="xboolean" value="true"/>
<entry key="IncludeRight" type="xboolean" value="true"/>
</config>
<config key="Interval_1">
<entry key="LeftBound" type="xdouble" value="0.06085587527646535"/>
<entry key="RightBound" type="xdouble" value="100.0"/>
<entry key="IncludeLeft" type="xboolean" value="false"/>
<entry key="IncludeRight" type="xboolean" value="true"/>
</config>
</config>
<config key="Scheme_PCA dimension 35">
<config key="Interval_0">
<entry key="LeftBound" type="xdouble" value="-100.0"/>
<entry key="RightBound" type="xdouble" value="0.537820552200418"/>
<entry key="IncludeLeft" type="xboolean" value="true"/>
<entry key="IncludeRight" type="xboolean" value="true"/>
</config>
<config key="Interval_1">
<entry key="LeftBound" type="xdouble" value="0.537820552200418"/>
<entry key="RightBound" type="xdouble" value="100.0"/>
<entry key="IncludeLeft" type="xboolean" value="false"/>
<entry key="IncludeRight" type="xboolean" value="true"/>
</config>
</config>
<config key="Scheme_PCA dimension 36">
<config key="Interval_0">
<entry key="LeftBound" type="xdouble" value="-100.0"/>
<entry key="RightBound" type="xdouble" value="0.22590653957139983"/>
<entry key="IncludeLeft" type="xboolean" value="true"/>
<entry key="IncludeRight" type="xboolean" value="true"/>
</config>
<config key="Interval_1">
<entry key="LeftBound" type="xdouble" value="0.22590653957139983"/>
<entry key="RightBound" type="xdouble" value="100.0"/>
<entry key="IncludeLeft" type="xboolean" value="false"/>
<entry key="IncludeRight" type="xboolean" value="true"/>
</config>
</config>
<config key="Scheme_PCA dimension 37">
<config key="Interval_0">
<entry key="LeftBound" type="xdouble" value="-100.0"/>
<entry key="RightBound" type="xdouble" value="0.427202453232031"/>
<entry key="IncludeLeft" type="xboolean" value="true"/>
<entry key="IncludeRight" type="xboolean" value="true"/>
</config>
<config key="Interval_1">
<entry key="LeftBound" type="xdouble" value="0.427202453232031"/>
<entry key="RightBound" type="xdouble" value="100.0"/>
<entry key="IncludeLeft" type="xboolean" value="false"/>
<entry key="IncludeRight" type="xboolean" value="true"/>
</config>
</config>
<config key="Scheme_PCA dimension 38">
<config key="Interval_0">
<entry key="LeftBound" type="xdouble" value="-100.0"/>
<entry key="RightBound" type="xdouble" value="-0.6609254258253997"/>
<entry key="IncludeLeft" type="xboolean" value="true"/>
<entry key="IncludeRight" type="xboolean" value="true"/>
</config>
<config key="Interval_1">
<entry key="LeftBound" type="xdouble" value="-0.6609254258253997"/>
<entry key="RightBound" type="xdouble" value="100.0"/>
<entry key="IncludeLeft" type="xboolean" value="false"/>
<entry key="IncludeRight" type="xboolean" value="true"/>
</config>
</config>
<config key="Scheme_PCA dimension 39">
<config key="Interval_0">
<entry key="LeftBound" type="xdouble" value="-100.0"/>
<entry key="RightBound" type="xdouble" value="-0.35144124823145895"/>
<entry key="IncludeLeft" type="xboolean" value="true"/>
<entry key="IncludeRight" type="xboolean" value="true"/>
</config>
<config key="Interval_1">
<entry key="LeftBound" type="xdouble" value="-0.35144124823145895"/>
<entry key="RightBound" type="xdouble" value="100.0"/>
<entry key="IncludeLeft" type="xboolean" value="false"/>
<entry key="IncludeRight" type="xboolean" value="true"/>
</config>
</config>
<config key="Scheme_PCA dimension 40">
<config key="Interval_0">
<entry key="LeftBound" type="xdouble" value="-100.0"/>
<entry key="RightBound" type="xdouble" value="-0.0028819167578268113"/>
<entry key="IncludeLeft" type="xboolean" value="true"/>
<entry key="IncludeRight" type="xboolean" value="true"/>
</config>
<config key="Interval_1">
<entry key="LeftBound" type="xdouble" value="-0.0028819167578268113"/>
<entry key="RightBound" type="xdouble" value="100.0"/>
<entry key="IncludeLeft" type="xboolean" value="false"/>
<entry key="IncludeRight" type="xboolean" value="true"/>
</config>
</config>
<config key="Scheme_PCA dimension 41">
<config key="Interval_0">
<entry key="LeftBound" type="xdouble" value="-100.0"/>
<entry key="RightBound" type="xdouble" value="-0.46894124245167595"/>
<entry key="IncludeLeft" type="xboolean" value="true"/>
<entry key="IncludeRight" type="xboolean" value="true"/>
</config>
<config key="Interval_1">
<entry key="LeftBound" type="xdouble" value="-0.46894124245167595"/>
<entry key="RightBound" type="xdouble" value="100.0"/>
<entry key="IncludeLeft" type="xboolean" value="false"/>
<entry key="IncludeRight" type="xboolean" value="true"/>
</config>
</config>
<config key="Scheme_PCA dimension 42">
<config key="Interval_0">
<entry key="LeftBound" type="xdouble" value="-100.0"/>
<entry key="RightBound" type="xdouble" value="0.20292491272127083"/>
<entry key="IncludeLeft" type="xboolean" value="true"/>
<entry key="IncludeRight" type="xboolean" value="true"/>
</config>
<config key="Interval_1">
<entry key="LeftBound" type="xdouble" value="0.20292491272127083"/>
<entry key="RightBound" type="xdouble" value="100.0"/>
<entry key="IncludeLeft" type="xboolean" value="false"/>
<entry key="IncludeRight" type="xboolean" value="true"/>
</config>
</config>
<config key="Scheme_PCA dimension 43">
<config key="Interval_0">
<entry key="LeftBound" type="xdouble" value="-100.0"/>
<entry key="RightBound" type="xdouble" value="-0.3128589106697821"/>
<entry key="IncludeLeft" type="xboolean" value="true"/>
<entry key="IncludeRight" type="xboolean" value="true"/>
</config>
<config key="Interval_1">
<entry key="LeftBound" type="xdouble" value="-0.3128589106697821"/>
<entry key="RightBound" type="xdouble" value="100.0"/>
<entry key="IncludeLeft" type="xboolean" value="false"/>
<entry key="IncludeRight" type="xboolean" value="true"/>
</config>
</config>
<config key="Scheme_PCA dimension 44">
<config key="Interval_0">
<entry key="LeftBound" type="xdouble" value="-100.0"/>
<entry key="RightBound" type="xdouble" value="0.26808071141025136"/>
<entry key="IncludeLeft" type="xboolean" value="true"/>
<entry key="IncludeRight" type="xboolean" value="true"/>
</config>
<config key="Interval_1">
<entry key="LeftBound" type="xdouble" value="0.26808071141025136"/>
<entry key="RightBound" type="xdouble" value="100.0"/>
<entry key="IncludeLeft" type="xboolean" value="false"/>
<entry key="IncludeRight" type="xboolean" value="true"/>
</config>
</config>
<config key="Scheme_PCA dimension 45">
<config key="Interval_0">
<entry key="LeftBound" type="xdouble" value="-100.0"/>
<entry key="RightBound" type="xdouble" value="-0.0957239212583403"/>
<entry key="IncludeLeft" type="xboolean" value="true"/>
<entry key="IncludeRight" type="xboolean" value="true"/>
</config>
<config key="Interval_1">
<entry key="LeftBound" type="xdouble" value="-0.0957239212583403"/>
<entry key="RightBound" type="xdouble" value="100.0"/>
<entry key="IncludeLeft" type="xboolean" value="false"/>
<entry key="IncludeRight" type="xboolean" value="true"/>
</config>
</config>
<config key="Scheme_PCA dimension 46">
<config key="Interval_0">
<entry key="LeftBound" type="xdouble" value="-100.0"/>
<entry key="RightBound" type="xdouble" value="0.15744123686335731"/>
<entry key="IncludeLeft" type="xboolean" value="true"/>
<entry key="IncludeRight" type="xboolean" value="true"/>
</config>
<config key="Interval_1">
<entry key="LeftBound" type="xdouble" value="0.15744123686335731"/>
<entry key="RightBound" type="xdouble" value="100.0"/>
<entry key="IncludeLeft" type="xboolean" value="false"/>
<entry key="IncludeRight" type="xboolean" value="true"/>
</config>
</config>
<config key="Scheme_PCA dimension 47">
<config key="Interval_0">
<entry key="LeftBound" type="xdouble" value="-100.0"/>
<entry key="RightBound" type="xdouble" value="0.04355129277841967"/>
<entry key="IncludeLeft" type="xboolean" value="true"/>
<entry key="IncludeRight" type="xboolean" value="true"/>
</config>
<config key="Interval_1">
<entry key="LeftBound" type="xdouble" value="0.04355129277841967"/>
<entry key="RightBound" type="xdouble" value="100.0"/>
<entry key="IncludeLeft" type="xboolean" value="false"/>
<entry key="IncludeRight" type="xboolean" value="true"/>
</config>
</config>
<config key="Scheme_PCA dimension 48">
<config key="Interval_0">
<entry key="LeftBound" type="xdouble" value="-100.0"/>
<entry key="RightBound" type="xdouble" value="-0.5003426935743382"/>
<entry key="IncludeLeft" type="xboolean" value="true"/>
<entry key="IncludeRight" type="xboolean" value="true"/>
</config>
<config key="Interval_1">
<entry key="LeftBound" type="xdouble" value="-0.5003426935743382"/>
<entry key="RightBound" type="xdouble" value="100.0"/>
<entry key="IncludeLeft" type="xboolean" value="false"/>
<entry key="IncludeRight" type="xboolean" value="true"/>
</config>
</config>
<config key="Scheme_PCA dimension 49">
<config key="Interval_0">
<entry key="LeftBound" type="xdouble" value="-100.0"/>
<entry key="RightBound" type="xdouble" value="0.2962126316816779"/>
<entry key="IncludeLeft" type="xboolean" value="true"/>
<entry key="IncludeRight" type="xboolean" value="true"/>
</config>
<config key="Interval_1">
<entry key="LeftBound" type="xdouble" value="0.2962126316816779"/>
<entry key="RightBound" type="xdouble" value="100.0"/>
<entry key="IncludeLeft" type="xboolean" value="false"/>
<entry key="IncludeRight" type="xboolean" value="true"/>
</config>
</config>
<config key="Scheme_PCA dimension 50">
<config key="Interval_0">
<entry key="LeftBound" type="xdouble" value="-100.0"/>
<entry key="RightBound" type="xdouble" value="0.09546775382013498"/>
<entry key="IncludeLeft" type="xboolean" value="true"/>
<entry key="IncludeRight" type="xboolean" value="true"/>
</config>
<config key="Interval_1">
<entry key="LeftBound" type="xdouble" value="0.09546775382013498"/>
<entry key="RightBound" type="xdouble" value="100.0"/>
<entry key="IncludeLeft" type="xboolean" value="false"/>
<entry key="IncludeRight" type="xboolean" value="true"/>
</config>
</config>
<config key="Scheme_PCA dimension 51">
<config key="Interval_0">
<entry key="LeftBound" type="xdouble" value="-100.0"/>
<entry key="RightBound" type="xdouble" value="0.1346865273605096"/>
<entry key="IncludeLeft" type="xboolean" value="true"/>
<entry key="IncludeRight" type="xboolean" value="true"/>
</config>
<config key="Interval_1">
<entry key="LeftBound" type="xdouble" value="0.1346865273605096"/>
<entry key="RightBound" type="xdouble" value="100.0"/>
<entry key="IncludeLeft" type="xboolean" value="false"/>
<entry key="IncludeRight" type="xboolean" value="true"/>
</config>
</config>
<config key="Scheme_PCA dimension 52">
<config key="Interval_0">
<entry key="LeftBound" type="xdouble" value="-100.0"/>
<entry key="RightBound" type="xdouble" value="0.0832074451522208"/>
<entry key="IncludeLeft" type="xboolean" value="true"/>
<entry key="IncludeRight" type="xboolean" value="true"/>
</config>
<config key="Interval_1">
<entry key="LeftBound" type="xdouble" value="0.0832074451522208"/>
<entry key="RightBound" type="xdouble" value="100.0"/>
<entry key="IncludeLeft" type="xboolean" value="false"/>
<entry key="IncludeRight" type="xboolean" value="true"/>
</config>
</config>
<config key="Scheme_PCA dimension 53">
<config key="Interval_0">
<entry key="LeftBound" type="xdouble" value="-100.0"/>
<entry key="RightBound" type="xdouble" value="-0.2158345220962177"/>
<entry key="IncludeLeft" type="xboolean" value="true"/>
<entry key="IncludeRight" type="xboolean" value="true"/>
</config>
<config key="Interval_1">
<entry key="LeftBound" type="xdouble" value="-0.2158345220962177"/>
<entry key="RightBound" type="xdouble" value="100.0"/>
<entry key="IncludeLeft" type="xboolean" value="false"/>
<entry key="IncludeRight" type="xboolean" value="true"/>
</config>
</config>
<config key="Scheme_PCA dimension 54">
<config key="Interval_0">
<entry key="LeftBound" type="xdouble" value="-100.0"/>
<entry key="RightBound" type="xdouble" value="0.622533349299822"/>
<entry key="IncludeLeft" type="xboolean" value="true"/>
<entry key="IncludeRight" type="xboolean" value="true"/>
</config>
<config key="Interval_1">
<entry key="LeftBound" type="xdouble" value="0.622533349299822"/>
<entry key="RightBound" type="xdouble" value="100.0"/>
<entry key="IncludeLeft" type="xboolean" value="false"/>
<entry key="IncludeRight" type="xboolean" value="true"/>
</config>
</config>
<config key="Scheme_PCA dimension 55">
<config key="Interval_0">
<entry key="LeftBound" type="xdouble" value="-100.0"/>
<entry key="RightBound" type="xdouble" value="0.029894995818783708"/>
<entry key="IncludeLeft" type="xboolean" value="true"/>
<entry key="IncludeRight" type="xboolean" value="true"/>
</config>
<config key="Interval_1">
<entry key="LeftBound" type="xdouble" value="0.029894995818783708"/>
<entry key="RightBound" type="xdouble" value="100.0"/>
<entry key="IncludeLeft" type="xboolean" value="false"/>
<entry key="IncludeRight" type="xboolean" value="true"/>
</config>
</config>
<config key="Scheme_PCA dimension 56">
<config key="Interval_0">
<entry key="LeftBound" type="xdouble" value="-100.0"/>
<entry key="RightBound" type="xdouble" value="0.3017178027536548"/>
<entry key="IncludeLeft" type="xboolean" value="true"/>
<entry key="IncludeRight" type="xboolean" value="true"/>
</config>
<config key="Interval_1">
<entry key="LeftBound" type="xdouble" value="0.3017178027536548"/>
<entry key="RightBound" type="xdouble" value="100.0"/>
<entry key="IncludeLeft" type="xboolean" value="false"/>
<entry key="IncludeRight" type="xboolean" value="true"/>
</config>
</config>
<config key="Scheme_PCA dimension 57">
<config key="Interval_0">
<entry key="LeftBound" type="xdouble" value="-100.0"/>
<entry key="RightBound" type="xdouble" value="-0.6005665469798563"/>
<entry key="IncludeLeft" type="xboolean" value="true"/>
<entry key="IncludeRight" type="xboolean" value="true"/>
</config>
<config key="Interval_1">
<entry key="LeftBound" type="xdouble" value="-0.6005665469798563"/>
<entry key="RightBound" type="xdouble" value="100.0"/>
<entry key="IncludeLeft" type="xboolean" value="false"/>
<entry key="IncludeRight" type="xboolean" value="true"/>
</config>
</config>
<config key="Scheme_PCA dimension 58">
<config key="Interval_0">
<entry key="LeftBound" type="xdouble" value="-100.0"/>
<entry key="RightBound" type="xdouble" value="-0.27761027153429874"/>
<entry key="IncludeLeft" type="xboolean" value="true"/>
<entry key="IncludeRight" type="xboolean" value="true"/>
</config>
<config key="Interval_1">
<entry key="LeftBound" type="xdouble" value="-0.27761027153429874"/>
<entry key="RightBound" type="xdouble" value="100.0"/>
<entry key="IncludeLeft" type="xboolean" value="false"/>
<entry key="IncludeRight" type="xboolean" value="true"/>
</config>
</config>
<config key="Scheme_PCA dimension 59">
<config key="Interval_0">
<entry key="LeftBound" type="xdouble" value="-100.0"/>
<entry key="RightBound" type="xdouble" value="0.3890347636501776"/>
<entry key="IncludeLeft" type="xboolean" value="true"/>
<entry key="IncludeRight" type="xboolean" value="true"/>
</config>
<config key="Interval_1">
<entry key="LeftBound" type="xdouble" value="0.3890347636501776"/>
<entry key="RightBound" type="xdouble" value="100.0"/>
<entry key="IncludeLeft" type="xboolean" value="false"/>
<entry key="IncludeRight" type="xboolean" value="true"/>
</config>
</config>
<config key="Scheme_PCA dimension 60">
<config key="Interval_0">
<entry key="LeftBound" type="xdouble" value="-100.0"/>
<entry key="RightBound" type="xdouble" value="0.29683608414577556"/>
<entry key="IncludeLeft" type="xboolean" value="true"/>
<entry key="IncludeRight" type="xboolean" value="true"/>
</config>
<config key="Interval_1">
<entry key="LeftBound" type="xdouble" value="0.29683608414577556"/>
<entry key="RightBound" type="xdouble" value="100.0"/>
<entry key="IncludeLeft" type="xboolean" value="false"/>
<entry key="IncludeRight" type="xboolean" value="true"/>
</config>
</config>
<config key="Scheme_PCA dimension 61">
<config key="Interval_0">
<entry key="LeftBound" type="xdouble" value="-100.0"/>
<entry key="RightBound" type="xdouble" value="0.026167491977198018"/>
<entry key="IncludeLeft" type="xboolean" value="true"/>
<entry key="IncludeRight" type="xboolean" value="true"/>
</config>
<config key="Interval_1">
<entry key="LeftBound" type="xdouble" value="0.026167491977198018"/>
<entry key="RightBound" type="xdouble" value="100.0"/>
<entry key="IncludeLeft" type="xboolean" value="false"/>
<entry key="IncludeRight" type="xboolean" value="true"/>
</config>
</config>
<config key="Scheme_PCA dimension 62">
<config key="Interval_0">
<entry key="LeftBound" type="xdouble" value="-100.0"/>
<entry key="RightBound" type="xdouble" value="-0.0830346200171532"/>
<entry key="IncludeLeft" type="xboolean" value="true"/>
<entry key="IncludeRight" type="xboolean" value="true"/>
</config>
<config key="Interval_1">
<entry key="LeftBound" type="xdouble" value="-0.0830346200171532"/>
<entry key="RightBound" type="xdouble" value="100.0"/>
<entry key="IncludeLeft" type="xboolean" value="false"/>
<entry key="IncludeRight" type="xboolean" value="true"/>
</config>
</config>
<config key="Scheme_PCA dimension 63">
<config key="Interval_0">
<entry key="LeftBound" type="xdouble" value="-100.0"/>
<entry key="RightBound" type="xdouble" value="-0.005099558638907192"/>
<entry key="IncludeLeft" type="xboolean" value="true"/>
<entry key="IncludeRight" type="xboolean" value="true"/>
</config>
<config key="Interval_1">
<entry key="LeftBound" type="xdouble" value="-0.005099558638907192"/>
<entry key="RightBound" type="xdouble" value="100.0"/>
<entry key="IncludeLeft" type="xboolean" value="false"/>
<entry key="IncludeRight" type="xboolean" value="true"/>
</config>
</config>
<config key="Scheme_PCA dimension 64">
<config key="Interval_0">
<entry key="LeftBound" type="xdouble" value="-100.0"/>
<entry key="RightBound" type="xdouble" value="-0.06938613700241389"/>
<entry key="IncludeLeft" type="xboolean" value="true"/>
<entry key="IncludeRight" type="xboolean" value="true"/>
</config>
<config key="Interval_1">
<entry key="LeftBound" type="xdouble" value="-0.06938613700241389"/>
<entry key="RightBound" type="xdouble" value="100.0"/>
<entry key="IncludeLeft" type="xboolean" value="false"/>
<entry key="IncludeRight" type="xboolean" value="true"/>
</config>
</config>
<config key="Scheme_PCA dimension 65">
<config key="Interval_0">
<entry key="LeftBound" type="xdouble" value="-100.0"/>
<entry key="RightBound" type="xdouble" value="-0.06003779362807111"/>
<entry key="IncludeLeft" type="xboolean" value="true"/>
<entry key="IncludeRight" type="xboolean" value="true"/>
</config>
<config key="Interval_1">
<entry key="LeftBound" type="xdouble" value="-0.06003779362807111"/>
<entry key="RightBound" type="xdouble" value="100.0"/>
<entry key="IncludeLeft" type="xboolean" value="false"/>
<entry key="IncludeRight" type="xboolean" value="true"/>
</config>
</config>
<config key="Scheme_PCA dimension 66">
<config key="Interval_0">
<entry key="LeftBound" type="xdouble" value="-100.0"/>
<entry key="RightBound" type="xdouble" value="-0.20739368861572216"/>
<entry key="IncludeLeft" type="xboolean" value="true"/>
<entry key="IncludeRight" type="xboolean" value="true"/>
</config>
<config key="Interval_1">
<entry key="LeftBound" type="xdouble" value="-0.20739368861572216"/>
<entry key="RightBound" type="xdouble" value="100.0"/>
<entry key="IncludeLeft" type="xboolean" value="false"/>
<entry key="IncludeRight" type="xboolean" value="true"/>
</config>
</config>
<config key="Scheme_PCA dimension 67">
<config key="Interval_0">
<entry key="LeftBound" type="xdouble" value="-100.0"/>
<entry key="RightBound" type="xdouble" value="-0.3617718245685109"/>
<entry key="IncludeLeft" type="xboolean" value="true"/>
<entry key="IncludeRight" type="xboolean" value="true"/>
</config>
<config key="Interval_1">
<entry key="LeftBound" type="xdouble" value="-0.3617718245685109"/>
<entry key="RightBound" type="xdouble" value="100.0"/>
<entry key="IncludeLeft" type="xboolean" value="false"/>
<entry key="IncludeRight" type="xboolean" value="true"/>
</config>
</config>
<config key="Scheme_PCA dimension 68">
<config key="Interval_0">
<entry key="LeftBound" type="xdouble" value="-100.0"/>
<entry key="RightBound" type="xdouble" value="-0.2505952051659053"/>
<entry key="IncludeLeft" type="xboolean" value="true"/>
<entry key="IncludeRight" type="xboolean" value="true"/>
</config>
<config key="Interval_1">
<entry key="LeftBound" type="xdouble" value="-0.2505952051659053"/>
<entry key="RightBound" type="xdouble" value="100.0"/>
<entry key="IncludeLeft" type="xboolean" value="false"/>
<entry key="IncludeRight" type="xboolean" value="true"/>
</config>
</config>
<config key="Scheme_PCA dimension 69">
<config key="Interval_0">
<entry key="LeftBound" type="xdouble" value="-100.0"/>
<entry key="RightBound" type="xdouble" value="-0.1292966841582558"/>
<entry key="IncludeLeft" type="xboolean" value="true"/>
<entry key="IncludeRight" type="xboolean" value="true"/>
</config>
<config key="Interval_1">
<entry key="LeftBound" type="xdouble" value="-0.1292966841582558"/>
<entry key="RightBound" type="xdouble" value="100.0"/>
<entry key="IncludeLeft" type="xboolean" value="false"/>
<entry key="IncludeRight" type="xboolean" value="true"/>
</config>
</config>
<config key="Scheme_PCA dimension 70">
<config key="Interval_0">
<entry key="LeftBound" type="xdouble" value="-100.0"/>
<entry key="RightBound" type="xdouble" value="0.46117658592701516"/>
<entry key="IncludeLeft" type="xboolean" value="true"/>
<entry key="IncludeRight" type="xboolean" value="true"/>
</config>
<config key="Interval_1">
<entry key="LeftBound" type="xdouble" value="0.46117658592701516"/>
<entry key="RightBound" type="xdouble" value="100.0"/>
<entry key="IncludeLeft" type="xboolean" value="false"/>
<entry key="IncludeRight" type="xboolean" value="true"/>
</config>
</config>
<config key="Scheme_PCA dimension 71">
<config key="Interval_0">
<entry key="LeftBound" type="xdouble" value="-100.0"/>
<entry key="RightBound" type="xdouble" value="0.010306165283753325"/>
<entry key="IncludeLeft" type="xboolean" value="true"/>
<entry key="IncludeRight" type="xboolean" value="true"/>
</config>
<config key="Interval_1">
<entry key="LeftBound" type="xdouble" value="0.010306165283753325"/>
<entry key="RightBound" type="xdouble" value="100.0"/>
<entry key="IncludeLeft" type="xboolean" value="false"/>
<entry key="IncludeRight" type="xboolean" value="true"/>
</config>
</config>
<config key="Scheme_PCA dimension 72">
<config key="Interval_0">
<entry key="LeftBound" type="xdouble" value="-100.0"/>
<entry key="RightBound" type="xdouble" value="0.377074525657384"/>
<entry key="IncludeLeft" type="xboolean" value="true"/>
<entry key="IncludeRight" type="xboolean" value="true"/>
</config>
<config key="Interval_1">
<entry key="LeftBound" type="xdouble" value="0.377074525657384"/>
<entry key="RightBound" type="xdouble" value="100.0"/>
<entry key="IncludeLeft" type="xboolean" value="false"/>
<entry key="IncludeRight" type="xboolean" value="true"/>
</config>
</config>
<config key="Scheme_PCA dimension 73">
<config key="Interval_0">
<entry key="LeftBound" type="xdouble" value="-100.0"/>
<entry key="RightBound" type="xdouble" value="-0.10607975706663297"/>
<entry key="IncludeLeft" type="xboolean" value="true"/>
<entry key="IncludeRight" type="xboolean" value="true"/>
</config>
<config key="Interval_1">
<entry key="LeftBound" type="xdouble" value="-0.10607975706663297"/>
<entry key="RightBound" type="xdouble" value="100.0"/>
<entry key="IncludeLeft" type="xboolean" value="false"/>
<entry key="IncludeRight" type="xboolean" value="true"/>
</config>
</config>
<config key="Scheme_PCA dimension 74">
<config key="Interval_0">
<entry key="LeftBound" type="xdouble" value="-100.0"/>
<entry key="RightBound" type="xdouble" value="-0.07753504840217539"/>
<entry key="IncludeLeft" type="xboolean" value="true"/>
<entry key="IncludeRight" type="xboolean" value="true"/>
</config>
<config key="Interval_1">
<entry key="LeftBound" type="xdouble" value="-0.07753504840217539"/>
<entry key="RightBound" type="xdouble" value="100.0"/>
<entry key="IncludeLeft" type="xboolean" value="false"/>
<entry key="IncludeRight" type="xboolean" value="true"/>
</config>
</config>
<config key="Scheme_PCA dimension 75">
<config key="Interval_0">
<entry key="LeftBound" type="xdouble" value="-100.0"/>
<entry key="RightBound" type="xdouble" value="-0.4126265840489278"/>
<entry key="IncludeLeft" type="xboolean" value="true"/>
<entry key="IncludeRight" type="xboolean" value="true"/>
</config>
<config key="Interval_1">
<entry key="LeftBound" type="xdouble" value="-0.4126265840489278"/>
<entry key="RightBound" type="xdouble" value="100.0"/>
<entry key="IncludeLeft" type="xboolean" value="false"/>
<entry key="IncludeRight" type="xboolean" value="true"/>
</config>
</config>
<config key="Scheme_PCA dimension 76">
<config key="Interval_0">
<entry key="LeftBound" type="xdouble" value="-100.0"/>
<entry key="RightBound" type="xdouble" value="0.031170802615305797"/>
<entry key="IncludeLeft" type="xboolean" value="true"/>
<entry key="IncludeRight" type="xboolean" value="true"/>
</config>
<config key="Interval_1">
<entry key="LeftBound" type="xdouble" value="0.031170802615305797"/>
<entry key="RightBound" type="xdouble" value="100.0"/>
<entry key="IncludeLeft" type="xboolean" value="false"/>
<entry key="IncludeRight" type="xboolean" value="true"/>
</config>
</config>
<config key="Scheme_PCA dimension 77">
<config key="Interval_0">
<entry key="LeftBound" type="xdouble" value="-100.0"/>
<entry key="RightBound" type="xdouble" value="0.0230962674532538"/>
<entry key="IncludeLeft" type="xboolean" value="true"/>
<entry key="IncludeRight" type="xboolean" value="true"/>
</config>
<config key="Interval_1">
<entry key="LeftBound" type="xdouble" value="0.0230962674532538"/>
<entry key="RightBound" type="xdouble" value="100.0"/>
<entry key="IncludeLeft" type="xboolean" value="false"/>
<entry key="IncludeRight" type="xboolean" value="true"/>
</config>
</config>
<config key="Scheme_PCA dimension 78">
<config key="Interval_0">
<entry key="LeftBound" type="xdouble" value="-100.0"/>
<entry key="RightBound" type="xdouble" value="0.1147837198456996"/>
<entry key="IncludeLeft" type="xboolean" value="true"/>
<entry key="IncludeRight" type="xboolean" value="true"/>
</config>
<config key="Interval_1">
<entry key="LeftBound" type="xdouble" value="0.1147837198456996"/>
<entry key="RightBound" type="xdouble" value="100.0"/>
<entry key="IncludeLeft" type="xboolean" value="false"/>
<entry key="IncludeRight" type="xboolean" value="true"/>
</config>
</config>
<config key="Scheme_PCA dimension 79">
<config key="Interval_0">
<entry key="LeftBound" type="xdouble" value="-100.0"/>
<entry key="RightBound" type="xdouble" value="-0.14375960193929094"/>
<entry key="IncludeLeft" type="xboolean" value="true"/>
<entry key="IncludeRight" type="xboolean" value="true"/>
</config>
<config key="Interval_1">
<entry key="LeftBound" type="xdouble" value="-0.14375960193929094"/>
<entry key="RightBound" type="xdouble" value="100.0"/>
<entry key="IncludeLeft" type="xboolean" value="false"/>
<entry key="IncludeRight" type="xboolean" value="true"/>
</config>
</config>
<config key="Scheme_PCA dimension 80">
<config key="Interval_0">
<entry key="LeftBound" type="xdouble" value="-100.0"/>
<entry key="RightBound" type="xdouble" value="-0.10838469107279222"/>
<entry key="IncludeLeft" type="xboolean" value="true"/>
<entry key="IncludeRight" type="xboolean" value="true"/>
</config>
<config key="Interval_1">
<entry key="LeftBound" type="xdouble" value="-0.10838469107279222"/>
<entry key="RightBound" type="xdouble" value="100.0"/>
<entry key="IncludeLeft" type="xboolean" value="false"/>
<entry key="IncludeRight" type="xboolean" value="true"/>
</config>
</config>
<config key="Scheme_PCA dimension 81">
<config key="Interval_0">
<entry key="LeftBound" type="xdouble" value="-100.0"/>
<entry key="RightBound" type="xdouble" value="-0.11210563045813107"/>
<entry key="IncludeLeft" type="xboolean" value="true"/>
<entry key="IncludeRight" type="xboolean" value="true"/>
</config>
<config key="Interval_1">
<entry key="LeftBound" type="xdouble" value="-0.11210563045813107"/>
<entry key="RightBound" type="xdouble" value="100.0"/>
<entry key="IncludeLeft" type="xboolean" value="false"/>
<entry key="IncludeRight" type="xboolean" value="true"/>
</config>
</config>
<config key="Scheme_PCA dimension 82">
<config key="Interval_0">
<entry key="LeftBound" type="xdouble" value="-100.0"/>
<entry key="RightBound" type="xdouble" value="-0.1441695656906949"/>
<entry key="IncludeLeft" type="xboolean" value="true"/>
<entry key="IncludeRight" type="xboolean" value="true"/>
</config>
<config key="Interval_1">
<entry key="LeftBound" type="xdouble" value="-0.1441695656906949"/>
<entry key="RightBound" type="xdouble" value="100.0"/>
<entry key="IncludeLeft" type="xboolean" value="false"/>
<entry key="IncludeRight" type="xboolean" value="true"/>
</config>
</config>
<config key="Scheme_PCA dimension 83">
<config key="Interval_0">
<entry key="LeftBound" type="xdouble" value="-100.0"/>
<entry key="RightBound" type="xdouble" value="-0.1337591613178684"/>
<entry key="IncludeLeft" type="xboolean" value="true"/>
<entry key="IncludeRight" type="xboolean" value="true"/>
</config>
<config key="Interval_1">
<entry key="LeftBound" type="xdouble" value="-0.1337591613178684"/>
<entry key="RightBound" type="xdouble" value="100.0"/>
<entry key="IncludeLeft" type="xboolean" value="false"/>
<entry key="IncludeRight" type="xboolean" value="true"/>
</config>
</config>
<config key="Scheme_PCA dimension 84">
<config key="Interval_0">
<entry key="LeftBound" type="xdouble" value="-100.0"/>
<entry key="RightBound" type="xdouble" value="-0.4232962832784477"/>
<entry key="IncludeLeft" type="xboolean" value="true"/>
<entry key="IncludeRight" type="xboolean" value="true"/>
</config>
<config key="Interval_1">
<entry key="LeftBound" type="xdouble" value="-0.4232962832784477"/>
<entry key="RightBound" type="xdouble" value="100.0"/>
<entry key="IncludeLeft" type="xboolean" value="false"/>
<entry key="IncludeRight" type="xboolean" value="true"/>
</config>
</config>
</config>
</config>
</config>
