<?xml version="1.0" encoding="UTF-8"?>
<config xmlns="http://www.knime.org/2008/09/XMLConfig" xmlns:xsi="http://www.w3.org/2001/XMLSchema-instance" xsi:schemaLocation="http://www.knime.org/2008/09/XMLConfig http://www.knime.org/XMLConfig_2008_09.xsd" key="model.xml">
<entry key="version" type="xint" value="1"/>
<entry key="class_name" type="xstring" value="org.knime.base.node.mine.bayes.naivebayes.port.NaiveBayesPortObject"/>
<config key="model">
<config key="naiveBayesModel">
<entry key="ClassColumnName" type="xstring" value="Class"/>
<entry key="skipMissingVals" type="xboolean" value="false"/>
<config key="SkippedAttributes">
<entry key="SkippedAttributesCounter" type="xint" value="0"/>
</config>
<config key="AttributeModelSection">
<entry key="RecordCounter" type="xint" value="86"/>
<entry key="AttributeModelCounter" type="xint" value="33"/>
<config key="AttributeModelData_0">
<entry key="attributeName" type="xstring" value="PCA dimension 28"/>
<entry key="type" type="xstring" value="NominalModel"/>
<entry key="skipMissingVals" type="xboolean" value="false"/>
<entry key="numberOfMissingValues" type="xint" value="0"/>
<entry key="invalidCause" type="xstring" isnull="true" value=""/>
<config key="data">
<entry key="maxNoOfAttrs" type="xint" value="20"/>
<entry key="noOfClasses" type="xint" value="2"/>
<config key="attributeValues">
<entry key="array-size" type="xint" value="2"/>
<entry key="0" type="xstring" value="Interval_0"/>
<entry key="1" type="xstring" value="Interval_1"/>
</config>
<config key="classValueData_0">
<entry key="classValue" type="xstring" value="T"/>
<entry key="noOfRows" type="xint" value="40"/>
<entry key="MissingValCounter" type="xint" value="0"/>
<config key="attributeValues">
<entry key="array-size" type="xint" value="2"/>
<entry key="0" type="xstring" value="Interval_0"/>
<entry key="1" type="xstring" value="Interval_1"/>
</config>
<config key="attributeCounter">
<entry key="array-size" type="xint" value="2"/>
<entry key="0" type="xint" value="8"/>
<entry key="1" type="xint" value="32"/>
</config>
</config>
<config key="classValueData_1">
<entry key="classValue" type="xstring" value="F"/>
<entry key="noOfRows" type="xint" value="46"/>
<entry key="MissingValCounter" type="xint" value="0"/>
<config key="attributeValues">
<entry key="array-size" type="xint" value="2"/>
<entry key="0" type="xstring" value="Interval_0"/>
<entry key="1" type="xstring" value="Interval_1"/>
</config>
<config key="attributeCounter">
<entry key="array-size" type="xint" value="2"/>
<entry key="0" type="xint" value="3"/>
<entry key="1" type="xint" value="43"/>
</config>
</config>
</config>
</config>
<config key="AttributeModelData_1">
<entry key="attributeName" type="xstring" value="PCA dimension 29"/>
<entry key="type" type="xstring" value="NominalModel"/>
<entry key="skipMissingVals" type="xboolean" value="false"/>
<entry key="numberOfMissingValues" type="xint" value="0"/>
<entry key="invalidCause" type="xstring" isnull="true" value=""/>
<config key="data">
<entry key="maxNoOfAttrs" type="xint" value="20"/>
<entry key="noOfClasses" type="xint" value="2"/>
<config key="attributeValues">
<entry key="array-size" type="xint" value="2"/>
<entry key="0" type="xstring" value="Interval_0"/>
<entry key="1" type="xstring" value="Interval_1"/>
</config>
<config key="classValueData_0">
<entry key="classValue" type="xstring" value="T"/>
<entry key="noOfRows" type="xint" value="40"/>
<entry key="MissingValCounter" type="xint" value="0"/>
<config key="attributeValues">
<entry key="array-size" type="xint" value="2"/>
<entry key="0" type="xstring" value="Interval_0"/>
<entry key="1" type="xstring" value="Interval_1"/>
</config>
<config key="attributeCounter">
<entry key="array-size" type="xint" value="2"/>
<entry key="0" type="xint" value="31"/>
<entry key="1" type="xint" value="9"/>
</config>
</config>
<config key="classValueData_1">
<entry key="classValue" type="xstring" value="F"/>
<entry key="noOfRows" type="xint" value="46"/>
<entry key="MissingValCounter" type="xint" value="0"/>
<config key="attributeValues">
<entry key="array-size" type="xint" value="2"/>
<entry key="0" type="xstring" value="Interval_0"/>
<entry key="1" type="xstring" value="Interval_1"/>
</config>
<config key="attributeCounter">
<entry key="array-size" type="xint" value="2"/>
<entry key="0" type="xint" value="25"/>
<entry key="1" type="xint" value="21"/>
</config>
</config>
</config>
</config>
<config key="AttributeModelData_2">
<entry key="attributeName" type="xstring" value="PCA dimension 26"/>
<entry key="type" type="xstring" value="NominalModel"/>
<entry key="skipMissingVals" type="xboolean" value="false"/>
<entry key="numberOfMissingValues" type="xint" value="0"/>
<entry key="invalidCause" type="xstring" isnull="true" value=""/>
<config key="data">
<entry key="maxNoOfAttrs" type="xint" value="20"/>
<entry key="noOfClasses" type="xint" value="2"/>
<config key="attributeValues">
<entry key="array-size" type="xint" value="2"/>
<entry key="0" type="xstring" value="Interval_0"/>
<entry key="1" type="xstring" value="Interval_1"/>
</config>
<config key="classValueData_0">
<entry key="classValue" type="xstring" value="T"/>
<entry key="noOfRows" type="xint" value="40"/>
<entry key="MissingValCounter" type="xint" value="0"/>
<config key="attributeValues">
<entry key="array-size" type="xint" value="2"/>
<entry key="0" type="xstring" value="Interval_0"/>
<entry key="1" type="xstring" value="Interval_1"/>
</config>
<config key="attributeCounter">
<entry key="array-size" type="xint" value="2"/>
<entry key="0" type="xint" value="29"/>
<entry key="1" type="xint" value="11"/>
</config>
</config>
<config key="classValueData_1">
<entry key="classValue" type="xstring" value="F"/>
<entry key="noOfRows" type="xint" value="46"/>
<entry key="MissingValCounter" type="xint" value="0"/>
<config key="attributeValues">
<entry key="array-size" type="xint" value="2"/>
<entry key="0" type="xstring" value="Interval_0"/>
<entry key="1" type="xstring" value="Interval_1"/>
</config>
<config key="attributeCounter">
<entry key="array-size" type="xint" value="2"/>
<entry key="0" type="xint" value="42"/>
<entry key="1" type="xint" value="4"/>
</config>
</config>
</config>
</config>
<config key="AttributeModelData_3">
<entry key="attributeName" type="xstring" value="PCA dimension 27"/>
<entry key="type" type="xstring" value="NominalModel"/>
<entry key="skipMissingVals" type="xboolean" value="false"/>
<entry key="numberOfMissingValues" type="xint" value="0"/>
<entry key="invalidCause" type="xstring" isnull="true" value=""/>
<config key="data">
<entry key="maxNoOfAttrs" type="xint" value="20"/>
<entry key="noOfClasses" type="xint" value="2"/>
<config key="attributeValues">
<entry key="array-size" type="xint" value="2"/>
<entry key="0" type="xstring" value="Interval_0"/>
<entry key="1" type="xstring" value="Interval_1"/>
</config>
<config key="classValueData_0">
<entry key="classValue" type="xstring" value="T"/>
<entry key="noOfRows" type="xint" value="40"/>
<entry key="MissingValCounter" type="xint" value="0"/>
<config key="attributeValues">
<entry key="array-size" type="xint" value="2"/>
<entry key="0" type="xstring" value="Interval_0"/>
<entry key="1" type="xstring" value="Interval_1"/>
</config>
<config key="attributeCounter">
<entry key="array-size" type="xint" value="2"/>
<entry key="0" type="xint" value="15"/>
<entry key="1" type="xint" value="25"/>
</config>
</config>
<config key="classValueData_1">
<entry key="classValue" type="xstring" value="F"/>
<entry key="noOfRows" type="xint" value="46"/>
<entry key="MissingValCounter" type="xint" value="0"/>
<config key="attributeValues">
<entry key="array-size" type="xint" value="2"/>
<entry key="0" type="xstring" value="Interval_0"/>
<entry key="1" type="xstring" value="Interval_1"/>
</config>
<config key="attributeCounter">
<entry key="array-size" type="xint" value="2"/>
<entry key="0" type="xint" value="10"/>
<entry key="1" type="xint" value="36"/>
</config>
</config>
</config>
</config>
<config key="AttributeModelData_4">
<entry key="attributeName" type="xstring" value="PCA dimension 21"/>
<entry key="type" type="xstring" value="NominalModel"/>
<entry key="skipMissingVals" type="xboolean" value="false"/>
<entry key="numberOfMissingValues" type="xint" value="0"/>
<entry key="invalidCause" type="xstring" isnull="true" value=""/>
<config key="data">
<entry key="maxNoOfAttrs" type="xint" value="20"/>
<entry key="noOfClasses" type="xint" value="2"/>
<config key="attributeValues">
<entry key="array-size" type="xint" value="2"/>
<entry key="0" type="xstring" value="Interval_0"/>
<entry key="1" type="xstring" value="Interval_1"/>
</config>
<config key="classValueData_0">
<entry key="classValue" type="xstring" value="T"/>
<entry key="noOfRows" type="xint" value="40"/>
<entry key="MissingValCounter" type="xint" value="0"/>
<config key="attributeValues">
<entry key="array-size" type="xint" value="2"/>
<entry key="0" type="xstring" value="Interval_0"/>
<entry key="1" type="xstring" value="Interval_1"/>
</config>
<config key="attributeCounter">
<entry key="array-size" type="xint" value="2"/>
<entry key="0" type="xint" value="31"/>
<entry key="1" type="xint" value="9"/>
</config>
</config>
<config key="classValueData_1">
<entry key="classValue" type="xstring" value="F"/>
<entry key="noOfRows" type="xint" value="46"/>
<entry key="MissingValCounter" type="xint" value="0"/>
<config key="attributeValues">
<entry key="array-size" type="xint" value="2"/>
<entry key="0" type="xstring" value="Interval_0"/>
<entry key="1" type="xstring" value="Interval_1"/>
</config>
<config key="attributeCounter">
<entry key="array-size" type="xint" value="2"/>
<entry key="0" type="xint" value="28"/>
<entry key="1" type="xint" value="18"/>
</config>
</config>
</config>
</config>
<config key="AttributeModelData_5">
<entry key="attributeName" type="xstring" value="PCA dimension 20"/>
<entry key="type" type="xstring" value="NominalModel"/>
<entry key="skipMissingVals" type="xboolean" value="false"/>
<entry key="numberOfMissingValues" type="xint" value="0"/>
<entry key="invalidCause" type="xstring" isnull="true" value=""/>
<config key="data">
<entry key="maxNoOfAttrs" type="xint" value="20"/>
<entry key="noOfClasses" type="xint" value="2"/>
<config key="attributeValues">
<entry key="array-size" type="xint" value="2"/>
<entry key="0" type="xstring" value="Interval_0"/>
<entry key="1" type="xstring" value="Interval_1"/>
</config>
<config key="classValueData_0">
<entry key="classValue" type="xstring" value="T"/>
<entry key="noOfRows" type="xint" value="40"/>
<entry key="MissingValCounter" type="xint" value="0"/>
<config key="attributeValues">
<entry key="array-size" type="xint" value="2"/>
<entry key="0" type="xstring" value="Interval_0"/>
<entry key="1" type="xstring" value="Interval_1"/>
</config>
<config key="attributeCounter">
<entry key="array-size" type="xint" value="2"/>
<entry key="0" type="xint" value="22"/>
<entry key="1" type="xint" value="18"/>
</config>
</config>
<config key="classValueData_1">
<entry key="classValue" type="xstring" value="F"/>
<entry key="noOfRows" type="xint" value="46"/>
<entry key="MissingValCounter" type="xint" value="0"/>
<config key="attributeValues">
<entry key="array-size" type="xint" value="2"/>
<entry key="0" type="xstring" value="Interval_0"/>
<entry key="1" type="xstring" value="Interval_1"/>
</config>
<config key="attributeCounter">
<entry key="array-size" type="xint" value="2"/>
<entry key="0" type="xint" value="16"/>
<entry key="1" type="xint" value="30"/>
</config>
</config>
</config>
</config>
<config key="AttributeModelData_6">
<entry key="attributeName" type="xstring" value="PCA dimension 25"/>
<entry key="type" type="xstring" value="NominalModel"/>
<entry key="skipMissingVals" type="xboolean" value="false"/>
<entry key="numberOfMissingValues" type="xint" value="0"/>
<entry key="invalidCause" type="xstring" isnull="true" value=""/>
<config key="data">
<entry key="maxNoOfAttrs" type="xint" value="20"/>
<entry key="noOfClasses" type="xint" value="2"/>
<config key="attributeValues">
<entry key="array-size" type="xint" value="2"/>
<entry key="0" type="xstring" value="Interval_0"/>
<entry key="1" type="xstring" value="Interval_1"/>
</config>
<config key="classValueData_0">
<entry key="classValue" type="xstring" value="T"/>
<entry key="noOfRows" type="xint" value="40"/>
<entry key="MissingValCounter" type="xint" value="0"/>
<config key="attributeValues">
<entry key="array-size" type="xint" value="2"/>
<entry key="0" type="xstring" value="Interval_0"/>
<entry key="1" type="xstring" value="Interval_1"/>
</config>
<config key="attributeCounter">
<entry key="array-size" type="xint" value="2"/>
<entry key="0" type="xint" value="33"/>
<entry key="1" type="xint" value="7"/>
</config>
</config>
<config key="classValueData_1">
<entry key="classValue" type="xstring" value="F"/>
<entry key="noOfRows" type="xint" value="46"/>
<entry key="MissingValCounter" type="xint" value="0"/>
<config key="attributeValues">
<entry key="array-size" type="xint" value="2"/>
<entry key="0" type="xstring" value="Interval_0"/>
<entry key="1" type="xstring" value="Interval_1"/>
</config>
<config key="attributeCounter">
<entry key="array-size" type="xint" value="2"/>
<entry key="0" type="xint" value="41"/>
<entry key="1" type="xint" value="5"/>
</config>
</config>
</config>
</config>
<config key="AttributeModelData_7">
<entry key="attributeName" type="xstring" value="PCA dimension 24"/>
<entry key="type" type="xstring" value="NominalModel"/>
<entry key="skipMissingVals" type="xboolean" value="false"/>
<entry key="numberOfMissingValues" type="xint" value="0"/>
<entry key="invalidCause" type="xstring" isnull="true" value=""/>
<config key="data">
<entry key="maxNoOfAttrs" type="xint" value="20"/>
<entry key="noOfClasses" type="xint" value="2"/>
<config key="attributeValues">
<entry key="array-size" type="xint" value="2"/>
<entry key="0" type="xstring" value="Interval_0"/>
<entry key="1" type="xstring" value="Interval_1"/>
</config>
<config key="classValueData_0">
<entry key="classValue" type="xstring" value="T"/>
<entry key="noOfRows" type="xint" value="40"/>
<entry key="MissingValCounter" type="xint" value="0"/>
<config key="attributeValues">
<entry key="array-size" type="xint" value="2"/>
<entry key="0" type="xstring" value="Interval_0"/>
<entry key="1" type="xstring" value="Interval_1"/>
</config>
<config key="attributeCounter">
<entry key="array-size" type="xint" value="2"/>
<entry key="0" type="xint" value="33"/>
<entry key="1" type="xint" value="7"/>
</config>
</config>
<config key="classValueData_1">
<entry key="classValue" type="xstring" value="F"/>
<entry key="noOfRows" type="xint" value="46"/>
<entry key="MissingValCounter" type="xint" value="0"/>
<config key="attributeValues">
<entry key="array-size" type="xint" value="2"/>
<entry key="0" type="xstring" value="Interval_0"/>
<entry key="1" type="xstring" value="Interval_1"/>
</config>
<config key="attributeCounter">
<entry key="array-size" type="xint" value="2"/>
<entry key="0" type="xint" value="29"/>
<entry key="1" type="xint" value="17"/>
</config>
</config>
</config>
</config>
<config key="AttributeModelData_8">
<entry key="attributeName" type="xstring" value="PCA dimension 23"/>
<entry key="type" type="xstring" value="NominalModel"/>
<entry key="skipMissingVals" type="xboolean" value="false"/>
<entry key="numberOfMissingValues" type="xint" value="0"/>
<entry key="invalidCause" type="xstring" isnull="true" value=""/>
<config key="data">
<entry key="maxNoOfAttrs" type="xint" value="20"/>
<entry key="noOfClasses" type="xint" value="2"/>
<config key="attributeValues">
<entry key="array-size" type="xint" value="2"/>
<entry key="0" type="xstring" value="Interval_0"/>
<entry key="1" type="xstring" value="Interval_1"/>
</config>
<config key="classValueData_0">
<entry key="classValue" type="xstring" value="T"/>
<entry key="noOfRows" type="xint" value="40"/>
<entry key="MissingValCounter" type="xint" value="0"/>
<config key="attributeValues">
<entry key="array-size" type="xint" value="2"/>
<entry key="0" type="xstring" value="Interval_0"/>
<entry key="1" type="xstring" value="Interval_1"/>
</config>
<config key="attributeCounter">
<entry key="array-size" type="xint" value="2"/>
<entry key="0" type="xint" value="7"/>
<entry key="1" type="xint" value="33"/>
</config>
</config>
<config key="classValueData_1">
<entry key="classValue" type="xstring" value="F"/>
<entry key="noOfRows" type="xint" value="46"/>
<entry key="MissingValCounter" type="xint" value="0"/>
<config key="attributeValues">
<entry key="array-size" type="xint" value="2"/>
<entry key="0" type="xstring" value="Interval_0"/>
<entry key="1" type="xstring" value="Interval_1"/>
</config>
<config key="attributeCounter">
<entry key="array-size" type="xint" value="2"/>
<entry key="0" type="xint" value="19"/>
<entry key="1" type="xint" value="27"/>
</config>
</config>
</config>
</config>
<config key="AttributeModelData_9">
<entry key="attributeName" type="xstring" value="PCA dimension 22"/>
<entry key="type" type="xstring" value="NominalModel"/>
<entry key="skipMissingVals" type="xboolean" value="false"/>
<entry key="numberOfMissingValues" type="xint" value="0"/>
<entry key="invalidCause" type="xstring" isnull="true" value=""/>
<config key="data">
<entry key="maxNoOfAttrs" type="xint" value="20"/>
<entry key="noOfClasses" type="xint" value="2"/>
<config key="attributeValues">
<entry key="array-size" type="xint" value="2"/>
<entry key="0" type="xstring" value="Interval_0"/>
<entry key="1" type="xstring" value="Interval_1"/>
</config>
<config key="classValueData_0">
<entry key="classValue" type="xstring" value="T"/>
<entry key="noOfRows" type="xint" value="40"/>
<entry key="MissingValCounter" type="xint" value="0"/>
<config key="attributeValues">
<entry key="array-size" type="xint" value="2"/>
<entry key="0" type="xstring" value="Interval_0"/>
<entry key="1" type="xstring" value="Interval_1"/>
</config>
<config key="attributeCounter">
<entry key="array-size" type="xint" value="2"/>
<entry key="0" type="xint" value="24"/>
<entry key="1" type="xint" value="16"/>
</config>
</config>
<config key="classValueData_1">
<entry key="classValue" type="xstring" value="F"/>
<entry key="noOfRows" type="xint" value="46"/>
<entry key="MissingValCounter" type="xint" value="0"/>
<config key="attributeValues">
<entry key="array-size" type="xint" value="2"/>
<entry key="0" type="xstring" value="Interval_0"/>
<entry key="1" type="xstring" value="Interval_1"/>
</config>
<config key="attributeCounter">
<entry key="array-size" type="xint" value="2"/>
<entry key="0" type="xint" value="19"/>
<entry key="1" type="xint" value="27"/>
</config>
</config>
</config>
</config>
<config key="AttributeModelData_10">
<entry key="attributeName" type="xstring" value="PCA dimension 15"/>
<entry key="type" type="xstring" value="NominalModel"/>
<entry key="skipMissingVals" type="xboolean" value="false"/>
<entry key="numberOfMissingValues" type="xint" value="0"/>
<entry key="invalidCause" type="xstring" isnull="true" value=""/>
<config key="data">
<entry key="maxNoOfAttrs" type="xint" value="20"/>
<entry key="noOfClasses" type="xint" value="2"/>
<config key="attributeValues">
<entry key="array-size" type="xint" value="2"/>
<entry key="0" type="xstring" value="Interval_0"/>
<entry key="1" type="xstring" value="Interval_1"/>
</config>
<config key="classValueData_0">
<entry key="classValue" type="xstring" value="T"/>
<entry key="noOfRows" type="xint" value="40"/>
<entry key="MissingValCounter" type="xint" value="0"/>
<config key="attributeValues">
<entry key="array-size" type="xint" value="2"/>
<entry key="0" type="xstring" value="Interval_0"/>
<entry key="1" type="xstring" value="Interval_1"/>
</config>
<config key="attributeCounter">
<entry key="array-size" type="xint" value="2"/>
<entry key="0" type="xint" value="25"/>
<entry key="1" type="xint" value="15"/>
</config>
</config>
<config key="classValueData_1">
<entry key="classValue" type="xstring" value="F"/>
<entry key="noOfRows" type="xint" value="46"/>
<entry key="MissingValCounter" type="xint" value="0"/>
<config key="attributeValues">
<entry key="array-size" type="xint" value="2"/>
<entry key="0" type="xstring" value="Interval_0"/>
<entry key="1" type="xstring" value="Interval_1"/>
</config>
<config key="attributeCounter">
<entry key="array-size" type="xint" value="2"/>
<entry key="0" type="xint" value="17"/>
<entry key="1" type="xint" value="29"/>
</config>
</config>
</config>
</config>
<config key="AttributeModelData_11">
<entry key="attributeName" type="xstring" value="PCA dimension 2"/>
<entry key="type" type="xstring" value="NominalModel"/>
<entry key="skipMissingVals" type="xboolean" value="false"/>
<entry key="numberOfMissingValues" type="xint" value="0"/>
<entry key="invalidCause" type="xstring" isnull="true" value=""/>
<config key="data">
<entry key="maxNoOfAttrs" type="xint" value="20"/>
<entry key="noOfClasses" type="xint" value="2"/>
<config key="attributeValues">
<entry key="array-size" type="xint" value="2"/>
<entry key="0" type="xstring" value="Interval_0"/>
<entry key="1" type="xstring" value="Interval_1"/>
</config>
<config key="classValueData_0">
<entry key="classValue" type="xstring" value="T"/>
<entry key="noOfRows" type="xint" value="40"/>
<entry key="MissingValCounter" type="xint" value="0"/>
<config key="attributeValues">
<entry key="array-size" type="xint" value="2"/>
<entry key="0" type="xstring" value="Interval_0"/>
<entry key="1" type="xstring" value="Interval_1"/>
</config>
<config key="attributeCounter">
<entry key="array-size" type="xint" value="2"/>
<entry key="0" type="xint" value="8"/>
<entry key="1" type="xint" value="32"/>
</config>
</config>
<config key="classValueData_1">
<entry key="classValue" type="xstring" value="F"/>
<entry key="noOfRows" type="xint" value="46"/>
<entry key="MissingValCounter" type="xint" value="0"/>
<config key="attributeValues">
<entry key="array-size" type="xint" value="2"/>
<entry key="0" type="xstring" value="Interval_0"/>
<entry key="1" type="xstring" value="Interval_1"/>
</config>
<config key="attributeCounter">
<entry key="array-size" type="xint" value="2"/>
<entry key="0" type="xint" value="32"/>
<entry key="1" type="xint" value="14"/>
</config>
</config>
</config>
</config>
<config key="AttributeModelData_12">
<entry key="attributeName" type="xstring" value="PCA dimension 16"/>
<entry key="type" type="xstring" value="NominalModel"/>
<entry key="skipMissingVals" type="xboolean" value="false"/>
<entry key="numberOfMissingValues" type="xint" value="0"/>
<entry key="invalidCause" type="xstring" isnull="true" value=""/>
<config key="data">
<entry key="maxNoOfAttrs" type="xint" value="20"/>
<entry key="noOfClasses" type="xint" value="2"/>
<config key="attributeValues">
<entry key="array-size" type="xint" value="2"/>
<entry key="0" type="xstring" value="Interval_0"/>
<entry key="1" type="xstring" value="Interval_1"/>
</config>
<config key="classValueData_0">
<entry key="classValue" type="xstring" value="T"/>
<entry key="noOfRows" type="xint" value="40"/>
<entry key="MissingValCounter" type="xint" value="0"/>
<config key="attributeValues">
<entry key="array-size" type="xint" value="2"/>
<entry key="0" type="xstring" value="Interval_0"/>
<entry key="1" type="xstring" value="Interval_1"/>
</config>
<config key="attributeCounter">
<entry key="array-size" type="xint" value="2"/>
<entry key="0" type="xint" value="34"/>
<entry key="1" type="xint" value="6"/>
</config>
</config>
<config key="classValueData_1">
<entry key="classValue" type="xstring" value="F"/>
<entry key="noOfRows" type="xint" value="46"/>
<entry key="MissingValCounter" type="xint" value="0"/>
<config key="attributeValues">
<entry key="array-size" type="xint" value="2"/>
<entry key="0" type="xstring" value="Interval_0"/>
<entry key="1" type="xstring" value="Interval_1"/>
</config>
<config key="attributeCounter">
<entry key="array-size" type="xint" value="2"/>
<entry key="0" type="xint" value="32"/>
<entry key="1" type="xint" value="14"/>
</config>
</config>
</config>
</config>
<config key="AttributeModelData_13">
<entry key="attributeName" type="xstring" value="PCA dimension 3"/>
<entry key="type" type="xstring" value="NominalModel"/>
<entry key="skipMissingVals" type="xboolean" value="false"/>
<entry key="numberOfMissingValues" type="xint" value="0"/>
<entry key="invalidCause" type="xstring" isnull="true" value=""/>
<config key="data">
<entry key="maxNoOfAttrs" type="xint" value="20"/>
<entry key="noOfClasses" type="xint" value="2"/>
<config key="attributeValues">
<entry key="array-size" type="xint" value="2"/>
<entry key="0" type="xstring" value="Interval_0"/>
<entry key="1" type="xstring" value="Interval_1"/>
</config>
<config key="classValueData_0">
<entry key="classValue" type="xstring" value="T"/>
<entry key="noOfRows" type="xint" value="40"/>
<entry key="MissingValCounter" type="xint" value="0"/>
<config key="attributeValues">
<entry key="array-size" type="xint" value="2"/>
<entry key="0" type="xstring" value="Interval_0"/>
<entry key="1" type="xstring" value="Interval_1"/>
</config>
<config key="attributeCounter">
<entry key="array-size" type="xint" value="2"/>
<entry key="0" type="xint" value="31"/>
<entry key="1" type="xint" value="9"/>
</config>
</config>
<config key="classValueData_1">
<entry key="classValue" type="xstring" value="F"/>
<entry key="noOfRows" type="xint" value="46"/>
<entry key="MissingValCounter" type="xint" value="0"/>
<config key="attributeValues">
<entry key="array-size" type="xint" value="2"/>
<entry key="0" type="xstring" value="Interval_0"/>
<entry key="1" type="xstring" value="Interval_1"/>
</config>
<config key="attributeCounter">
<entry key="array-size" type="xint" value="2"/>
<entry key="0" type="xint" value="21"/>
<entry key="1" type="xint" value="25"/>
</config>
</config>
</config>
</config>
<config key="AttributeModelData_14">
<entry key="attributeName" type="xstring" value="PCA dimension 17"/>
<entry key="type" type="xstring" value="NominalModel"/>
<entry key="skipMissingVals" type="xboolean" value="false"/>
<entry key="numberOfMissingValues" type="xint" value="0"/>
<entry key="invalidCause" type="xstring" isnull="true" value=""/>
<config key="data">
<entry key="maxNoOfAttrs" type="xint" value="20"/>
<entry key="noOfClasses" type="xint" value="2"/>
<config key="attributeValues">
<entry key="array-size" type="xint" value="2"/>
<entry key="0" type="xstring" value="Interval_0"/>
<entry key="1" type="xstring" value="Interval_1"/>
</config>
<config key="classValueData_0">
<entry key="classValue" type="xstring" value="T"/>
<entry key="noOfRows" type="xint" value="40"/>
<entry key="MissingValCounter" type="xint" value="0"/>
<config key="attributeValues">
<entry key="array-size" type="xint" value="2"/>
<entry key="0" type="xstring" value="Interval_0"/>
<entry key="1" type="xstring" value="Interval_1"/>
</config>
<config key="attributeCounter">
<entry key="array-size" type="xint" value="2"/>
<entry key="0" type="xint" value="33"/>
<entry key="1" type="xint" value="7"/>
</config>
</config>
<config key="classValueData_1">
<entry key="classValue" type="xstring" value="F"/>
<entry key="noOfRows" type="xint" value="46"/>
<entry key="MissingValCounter" type="xint" value="0"/>
<config key="attributeValues">
<entry key="array-size" type="xint" value="2"/>
<entry key="0" type="xstring" value="Interval_0"/>
<entry key="1" type="xstring" value="Interval_1"/>
</config>
<config key="attributeCounter">
<entry key="array-size" type="xint" value="2"/>
<entry key="0" type="xint" value="43"/>
<entry key="1" type="xint" value="3"/>
</config>
</config>
</config>
</config>
<config key="AttributeModelData_15">
<entry key="attributeName" type="xstring" value="PCA dimension 0"/>
<entry key="type" type="xstring" value="NominalModel"/>
<entry key="skipMissingVals" type="xboolean" value="false"/>
<entry key="numberOfMissingValues" type="xint" value="0"/>
<entry key="invalidCause" type="xstring" isnull="true" value=""/>
<config key="data">
<entry key="maxNoOfAttrs" type="xint" value="20"/>
<entry key="noOfClasses" type="xint" value="2"/>
<config key="attributeValues">
<entry key="array-size" type="xint" value="2"/>
<entry key="0" type="xstring" value="Interval_0"/>
<entry key="1" type="xstring" value="Interval_1"/>
</config>
<config key="classValueData_0">
<entry key="classValue" type="xstring" value="T"/>
<entry key="noOfRows" type="xint" value="40"/>
<entry key="MissingValCounter" type="xint" value="0"/>
<config key="attributeValues">
<entry key="array-size" type="xint" value="2"/>
<entry key="0" type="xstring" value="Interval_0"/>
<entry key="1" type="xstring" value="Interval_1"/>
</config>
<config key="attributeCounter">
<entry key="array-size" type="xint" value="2"/>
<entry key="0" type="xint" value="19"/>
<entry key="1" type="xint" value="21"/>
</config>
</config>
<config key="classValueData_1">
<entry key="classValue" type="xstring" value="F"/>
<entry key="noOfRows" type="xint" value="46"/>
<entry key="MissingValCounter" type="xint" value="0"/>
<config key="attributeValues">
<entry key="array-size" type="xint" value="2"/>
<entry key="0" type="xstring" value="Interval_0"/>
<entry key="1" type="xstring" value="Interval_1"/>
</config>
<config key="attributeCounter">
<entry key="array-size" type="xint" value="2"/>
<entry key="0" type="xint" value="8"/>
<entry key="1" type="xint" value="38"/>
</config>
</config>
</config>
</config>
<config key="AttributeModelData_16">
<entry key="attributeName" type="xstring" value="PCA dimension 18"/>
<entry key="type" type="xstring" value="NominalModel"/>
<entry key="skipMissingVals" type="xboolean" value="false"/>
<entry key="numberOfMissingValues" type="xint" value="0"/>
<entry key="invalidCause" type="xstring" isnull="true" value=""/>
<config key="data">
<entry key="maxNoOfAttrs" type="xint" value="20"/>
<entry key="noOfClasses" type="xint" value="2"/>
<config key="attributeValues">
<entry key="array-size" type="xint" value="2"/>
<entry key="0" type="xstring" value="Interval_0"/>
<entry key="1" type="xstring" value="Interval_1"/>
</config>
<config key="classValueData_0">
<entry key="classValue" type="xstring" value="T"/>
<entry key="noOfRows" type="xint" value="40"/>
<entry key="MissingValCounter" type="xint" value="0"/>
<config key="attributeValues">
<entry key="array-size" type="xint" value="2"/>
<entry key="0" type="xstring" value="Interval_0"/>
<entry key="1" type="xstring" value="Interval_1"/>
</config>
<config key="attributeCounter">
<entry key="array-size" type="xint" value="2"/>
<entry key="0" type="xint" value="15"/>
<entry key="1" type="xint" value="25"/>
</config>
</config>
<config key="classValueData_1">
<entry key="classValue" type="xstring" value="F"/>
<entry key="noOfRows" type="xint" value="46"/>
<entry key="MissingValCounter" type="xint" value="0"/>
<config key="attributeValues">
<entry key="array-size" type="xint" value="2"/>
<entry key="0" type="xstring" value="Interval_0"/>
<entry key="1" type="xstring" value="Interval_1"/>
</config>
<config key="attributeCounter">
<entry key="array-size" type="xint" value="2"/>
<entry key="0" type="xint" value="24"/>
<entry key="1" type="xint" value="22"/>
</config>
</config>
</config>
</config>
<config key="AttributeModelData_17">
<entry key="attributeName" type="xstring" value="PCA dimension 1"/>
<entry key="type" type="xstring" value="NominalModel"/>
<entry key="skipMissingVals" type="xboolean" value="false"/>
<entry key="numberOfMissingValues" type="xint" value="0"/>
<entry key="invalidCause" type="xstring" isnull="true" value=""/>
<config key="data">
<entry key="maxNoOfAttrs" type="xint" value="20"/>
<entry key="noOfClasses" type="xint" value="2"/>
<config key="attributeValues">
<entry key="array-size" type="xint" value="2"/>
<entry key="0" type="xstring" value="Interval_0"/>
<entry key="1" type="xstring" value="Interval_1"/>
</config>
<config key="classValueData_0">
<entry key="classValue" type="xstring" value="T"/>
<entry key="noOfRows" type="xint" value="40"/>
<entry key="MissingValCounter" type="xint" value="0"/>
<config key="attributeValues">
<entry key="array-size" type="xint" value="2"/>
<entry key="0" type="xstring" value="Interval_0"/>
<entry key="1" type="xstring" value="Interval_1"/>
</config>
<config key="attributeCounter">
<entry key="array-size" type="xint" value="2"/>
<entry key="0" type="xint" value="16"/>
<entry key="1" type="xint" value="24"/>
</config>
</config>
<config key="classValueData_1">
<entry key="classValue" type="xstring" value="F"/>
<entry key="noOfRows" type="xint" value="46"/>
<entry key="MissingValCounter" type="xint" value="0"/>
<config key="attributeValues">
<entry key="array-size" type="xint" value="2"/>
<entry key="0" type="xstring" value="Interval_0"/>
<entry key="1" type="xstring" value="Interval_1"/>
</config>
<config key="attributeCounter">
<entry key="array-size" type="xint" value="2"/>
<entry key="0" type="xint" value="8"/>
<entry key="1" type="xint" value="38"/>
</config>
</config>
</config>
</config>
<config key="AttributeModelData_18">
<entry key="attributeName" type="xstring" value="PCA dimension 19"/>
<entry key="type" type="xstring" value="NominalModel"/>
<entry key="skipMissingVals" type="xboolean" value="false"/>
<entry key="numberOfMissingValues" type="xint" value="0"/>
<entry key="invalidCause" type="xstring" isnull="true" value=""/>
<config key="data">
<entry key="maxNoOfAttrs" type="xint" value="20"/>
<entry key="noOfClasses" type="xint" value="2"/>
<config key="attributeValues">
<entry key="array-size" type="xint" value="2"/>
<entry key="0" type="xstring" value="Interval_0"/>
<entry key="1" type="xstring" value="Interval_1"/>
</config>
<config key="classValueData_0">
<entry key="classValue" type="xstring" value="T"/>
<entry key="noOfRows" type="xint" value="40"/>
<entry key="MissingValCounter" type="xint" value="0"/>
<config key="attributeValues">
<entry key="array-size" type="xint" value="2"/>
<entry key="0" type="xstring" value="Interval_0"/>
<entry key="1" type="xstring" value="Interval_1"/>
</config>
<config key="attributeCounter">
<entry key="array-size" type="xint" value="2"/>
<entry key="0" type="xint" value="17"/>
<entry key="1" type="xint" value="23"/>
</config>
</config>
<config key="classValueData_1">
<entry key="classValue" type="xstring" value="F"/>
<entry key="noOfRows" type="xint" value="46"/>
<entry key="MissingValCounter" type="xint" value="0"/>
<config key="attributeValues">
<entry key="array-size" type="xint" value="2"/>
<entry key="0" type="xstring" value="Interval_0"/>
<entry key="1" type="xstring" value="Interval_1"/>
</config>
<config key="attributeCounter">
<entry key="array-size" type="xint" value="2"/>
<entry key="0" type="xint" value="12"/>
<entry key="1" type="xint" value="34"/>
</config>
</config>
</config>
</config>
<config key="AttributeModelData_19">
<entry key="attributeName" type="xstring" value="PCA dimension 8"/>
<entry key="type" type="xstring" value="NominalModel"/>
<entry key="skipMissingVals" type="xboolean" value="false"/>
<entry key="numberOfMissingValues" type="xint" value="0"/>
<entry key="invalidCause" type="xstring" isnull="true" value=""/>
<config key="data">
<entry key="maxNoOfAttrs" type="xint" value="20"/>
<entry key="noOfClasses" type="xint" value="2"/>
<config key="attributeValues">
<entry key="array-size" type="xint" value="2"/>
<entry key="0" type="xstring" value="Interval_0"/>
<entry key="1" type="xstring" value="Interval_1"/>
</config>
<config key="classValueData_0">
<entry key="classValue" type="xstring" value="T"/>
<entry key="noOfRows" type="xint" value="40"/>
<entry key="MissingValCounter" type="xint" value="0"/>
<config key="attributeValues">
<entry key="array-size" type="xint" value="2"/>
<entry key="0" type="xstring" value="Interval_0"/>
<entry key="1" type="xstring" value="Interval_1"/>
</config>
<config key="attributeCounter">
<entry key="array-size" type="xint" value="2"/>
<entry key="0" type="xint" value="5"/>
<entry key="1" type="xint" value="35"/>
</config>
</config>
<config key="classValueData_1">
<entry key="classValue" type="xstring" value="F"/>
<entry key="noOfRows" type="xint" value="46"/>
<entry key="MissingValCounter" type="xint" value="0"/>
<config key="attributeValues">
<entry key="array-size" type="xint" value="2"/>
<entry key="0" type="xstring" value="Interval_0"/>
<entry key="1" type="xstring" value="Interval_1"/>
</config>
<config key="attributeCounter">
<entry key="array-size" type="xint" value="2"/>
<entry key="0" type="xint" value="2"/>
<entry key="1" type="xint" value="44"/>
</config>
</config>
</config>
</config>
<config key="AttributeModelData_20">
<entry key="attributeName" type="xstring" value="PCA dimension 9"/>
<entry key="type" type="xstring" value="NominalModel"/>
<entry key="skipMissingVals" type="xboolean" value="false"/>
<entry key="numberOfMissingValues" type="xint" value="0"/>
<entry key="invalidCause" type="xstring" isnull="true" value=""/>
<config key="data">
<entry key="maxNoOfAttrs" type="xint" value="20"/>
<entry key="noOfClasses" type="xint" value="2"/>
<config key="attributeValues">
<entry key="array-size" type="xint" value="2"/>
<entry key="0" type="xstring" value="Interval_0"/>
<entry key="1" type="xstring" value="Interval_1"/>
</config>
<config key="classValueData_0">
<entry key="classValue" type="xstring" value="T"/>
<entry key="noOfRows" type="xint" value="40"/>
<entry key="MissingValCounter" type="xint" value="0"/>
<config key="attributeValues">
<entry key="array-size" type="xint" value="2"/>
<entry key="0" type="xstring" value="Interval_0"/>
<entry key="1" type="xstring" value="Interval_1"/>
</config>
<config key="attributeCounter">
<entry key="array-size" type="xint" value="2"/>
<entry key="0" type="xint" value="15"/>
<entry key="1" type="xint" value="25"/>
</config>
</config>
<config key="classValueData_1">
<entry key="classValue" type="xstring" value="F"/>
<entry key="noOfRows" type="xint" value="46"/>
<entry key="MissingValCounter" type="xint" value="0"/>
<config key="attributeValues">
<entry key="array-size" type="xint" value="2"/>
<entry key="0" type="xstring" value="Interval_0"/>
<entry key="1" type="xstring" value="Interval_1"/>
</config>
<config key="attributeCounter">
<entry key="array-size" type="xint" value="2"/>
<entry key="0" type="xint" value="25"/>
<entry key="1" type="xint" value="21"/>
</config>
</config>
</config>
</config>
<config key="AttributeModelData_21">
<entry key="attributeName" type="xstring" value="PCA dimension 6"/>
<entry key="type" type="xstring" value="NominalModel"/>
<entry key="skipMissingVals" type="xboolean" value="false"/>
<entry key="numberOfMissingValues" type="xint" value="0"/>
<entry key="invalidCause" type="xstring" isnull="true" value=""/>
<config key="data">
<entry key="maxNoOfAttrs" type="xint" value="20"/>
<entry key="noOfClasses" type="xint" value="2"/>
<config key="attributeValues">
<entry key="array-size" type="xint" value="2"/>
<entry key="0" type="xstring" value="Interval_0"/>
<entry key="1" type="xstring" value="Interval_1"/>
</config>
<config key="classValueData_0">
<entry key="classValue" type="xstring" value="T"/>
<entry key="noOfRows" type="xint" value="40"/>
<entry key="MissingValCounter" type="xint" value="0"/>
<config key="attributeValues">
<entry key="array-size" type="xint" value="2"/>
<entry key="0" type="xstring" value="Interval_0"/>
<entry key="1" type="xstring" value="Interval_1"/>
</config>
<config key="attributeCounter">
<entry key="array-size" type="xint" value="2"/>
<entry key="0" type="xint" value="19"/>
<entry key="1" type="xint" value="21"/>
</config>
</config>
<config key="classValueData_1">
<entry key="classValue" type="xstring" value="F"/>
<entry key="noOfRows" type="xint" value="46"/>
<entry key="MissingValCounter" type="xint" value="0"/>
<config key="attributeValues">
<entry key="array-size" type="xint" value="2"/>
<entry key="0" type="xstring" value="Interval_0"/>
<entry key="1" type="xstring" value="Interval_1"/>
</config>
<config key="attributeCounter">
<entry key="array-size" type="xint" value="2"/>
<entry key="0" type="xint" value="12"/>
<entry key="1" type="xint" value="34"/>
</config>
</config>
</config>
</config>
<config key="AttributeModelData_22">
<entry key="attributeName" type="xstring" value="PCA dimension 7"/>
<entry key="type" type="xstring" value="NominalModel"/>
<entry key="skipMissingVals" type="xboolean" value="false"/>
<entry key="numberOfMissingValues" type="xint" value="0"/>
<entry key="invalidCause" type="xstring" isnull="true" value=""/>
<config key="data">
<entry key="maxNoOfAttrs" type="xint" value="20"/>
<entry key="noOfClasses" type="xint" value="2"/>
<config key="attributeValues">
<entry key="array-size" type="xint" value="2"/>
<entry key="0" type="xstring" value="Interval_0"/>
<entry key="1" type="xstring" value="Interval_1"/>
</config>
<config key="classValueData_0">
<entry key="classValue" type="xstring" value="T"/>
<entry key="noOfRows" type="xint" value="40"/>
<entry key="MissingValCounter" type="xint" value="0"/>
<config key="attributeValues">
<entry key="array-size" type="xint" value="2"/>
<entry key="0" type="xstring" value="Interval_0"/>
<entry key="1" type="xstring" value="Interval_1"/>
</config>
<config key="attributeCounter">
<entry key="array-size" type="xint" value="2"/>
<entry key="0" type="xint" value="8"/>
<entry key="1" type="xint" value="32"/>
</config>
</config>
<config key="classValueData_1">
<entry key="classValue" type="xstring" value="F"/>
<entry key="noOfRows" type="xint" value="46"/>
<entry key="MissingValCounter" type="xint" value="0"/>
<config key="attributeValues">
<entry key="array-size" type="xint" value="2"/>
<entry key="0" type="xstring" value="Interval_0"/>
<entry key="1" type="xstring" value="Interval_1"/>
</config>
<config key="attributeCounter">
<entry key="array-size" type="xint" value="2"/>
<entry key="0" type="xint" value="21"/>
<entry key="1" type="xint" value="25"/>
</config>
</config>
</config>
</config>
<config key="AttributeModelData_23">
<entry key="attributeName" type="xstring" value="PCA dimension 4"/>
<entry key="type" type="xstring" value="NominalModel"/>
<entry key="skipMissingVals" type="xboolean" value="false"/>
<entry key="numberOfMissingValues" type="xint" value="0"/>
<entry key="invalidCause" type="xstring" isnull="true" value=""/>
<config key="data">
<entry key="maxNoOfAttrs" type="xint" value="20"/>
<entry key="noOfClasses" type="xint" value="2"/>
<config key="attributeValues">
<entry key="array-size" type="xint" value="2"/>
<entry key="0" type="xstring" value="Interval_0"/>
<entry key="1" type="xstring" value="Interval_1"/>
</config>
<config key="classValueData_0">
<entry key="classValue" type="xstring" value="T"/>
<entry key="noOfRows" type="xint" value="40"/>
<entry key="MissingValCounter" type="xint" value="0"/>
<config key="attributeValues">
<entry key="array-size" type="xint" value="2"/>
<entry key="0" type="xstring" value="Interval_0"/>
<entry key="1" type="xstring" value="Interval_1"/>
</config>
<config key="attributeCounter">
<entry key="array-size" type="xint" value="2"/>
<entry key="0" type="xint" value="30"/>
<entry key="1" type="xint" value="10"/>
</config>
</config>
<config key="classValueData_1">
<entry key="classValue" type="xstring" value="F"/>
<entry key="noOfRows" type="xint" value="46"/>
<entry key="MissingValCounter" type="xint" value="0"/>
<config key="attributeValues">
<entry key="array-size" type="xint" value="2"/>
<entry key="0" type="xstring" value="Interval_0"/>
<entry key="1" type="xstring" value="Interval_1"/>
</config>
<config key="attributeCounter">
<entry key="array-size" type="xint" value="2"/>
<entry key="0" type="xint" value="29"/>
<entry key="1" type="xint" value="17"/>
</config>
</config>
</config>
</config>
<config key="AttributeModelData_24">
<entry key="attributeName" type="xstring" value="PCA dimension 5"/>
<entry key="type" type="xstring" value="NominalModel"/>
<entry key="skipMissingVals" type="xboolean" value="false"/>
<entry key="numberOfMissingValues" type="xint" value="0"/>
<entry key="invalidCause" type="xstring" isnull="true" value=""/>
<config key="data">
<entry key="maxNoOfAttrs" type="xint" value="20"/>
<entry key="noOfClasses" type="xint" value="2"/>
<config key="attributeValues">
<entry key="array-size" type="xint" value="2"/>
<entry key="0" type="xstring" value="Interval_0"/>
<entry key="1" type="xstring" value="Interval_1"/>
</config>
<config key="classValueData_0">
<entry key="classValue" type="xstring" value="T"/>
<entry key="noOfRows" type="xint" value="40"/>
<entry key="MissingValCounter" type="xint" value="0"/>
<config key="attributeValues">
<entry key="array-size" type="xint" value="2"/>
<entry key="0" type="xstring" value="Interval_0"/>
<entry key="1" type="xstring" value="Interval_1"/>
</config>
<config key="attributeCounter">
<entry key="array-size" type="xint" value="2"/>
<entry key="0" type="xint" value="17"/>
<entry key="1" type="xint" value="23"/>
</config>
</config>
<config key="classValueData_1">
<entry key="classValue" type="xstring" value="F"/>
<entry key="noOfRows" type="xint" value="46"/>
<entry key="MissingValCounter" type="xint" value="0"/>
<config key="attributeValues">
<entry key="array-size" type="xint" value="2"/>
<entry key="0" type="xstring" value="Interval_0"/>
<entry key="1" type="xstring" value="Interval_1"/>
</config>
<config key="attributeCounter">
<entry key="array-size" type="xint" value="2"/>
<entry key="0" type="xint" value="13"/>
<entry key="1" type="xint" value="33"/>
</config>
</config>
</config>
</config>
<config key="AttributeModelData_25">
<entry key="attributeName" type="xstring" value="PCA dimension 30"/>
<entry key="type" type="xstring" value="NominalModel"/>
<entry key="skipMissingVals" type="xboolean" value="false"/>
<entry key="numberOfMissingValues" type="xint" value="0"/>
<entry key="invalidCause" type="xstring" isnull="true" value=""/>
<config key="data">
<entry key="maxNoOfAttrs" type="xint" value="20"/>
<entry key="noOfClasses" type="xint" value="2"/>
<config key="attributeValues">
<entry key="array-size" type="xint" value="2"/>
<entry key="0" type="xstring" value="Interval_0"/>
<entry key="1" type="xstring" value="Interval_1"/>
</config>
<config key="classValueData_0">
<entry key="classValue" type="xstring" value="T"/>
<entry key="noOfRows" type="xint" value="40"/>
<entry key="MissingValCounter" type="xint" value="0"/>
<config key="attributeValues">
<entry key="array-size" type="xint" value="2"/>
<entry key="0" type="xstring" value="Interval_0"/>
<entry key="1" type="xstring" value="Interval_1"/>
</config>
<config key="attributeCounter">
<entry key="array-size" type="xint" value="2"/>
<entry key="0" type="xint" value="36"/>
<entry key="1" type="xint" value="4"/>
</config>
</config>
<config key="classValueData_1">
<entry key="classValue" type="xstring" value="F"/>
<entry key="noOfRows" type="xint" value="46"/>
<entry key="MissingValCounter" type="xint" value="0"/>
<config key="attributeValues">
<entry key="array-size" type="xint" value="2"/>
<entry key="0" type="xstring" value="Interval_0"/>
<entry key="1" type="xstring" value="Interval_1"/>
</config>
<config key="attributeCounter">
<entry key="array-size" type="xint" value="2"/>
<entry key="0" type="xint" value="45"/>
<entry key="1" type="xint" value="1"/>
</config>
</config>
</config>
</config>
<config key="AttributeModelData_26">
<entry key="attributeName" type="xstring" value="PCA dimension 31"/>
<entry key="type" type="xstring" value="NominalModel"/>
<entry key="skipMissingVals" type="xboolean" value="false"/>
<entry key="numberOfMissingValues" type="xint" value="0"/>
<entry key="invalidCause" type="xstring" isnull="true" value=""/>
<config key="data">
<entry key="maxNoOfAttrs" type="xint" value="20"/>
<entry key="noOfClasses" type="xint" value="2"/>
<config key="attributeValues">
<entry key="array-size" type="xint" value="2"/>
<entry key="0" type="xstring" value="Interval_0"/>
<entry key="1" type="xstring" value="Interval_1"/>
</config>
<config key="classValueData_0">
<entry key="classValue" type="xstring" value="T"/>
<entry key="noOfRows" type="xint" value="40"/>
<entry key="MissingValCounter" type="xint" value="0"/>
<config key="attributeValues">
<entry key="array-size" type="xint" value="2"/>
<entry key="0" type="xstring" value="Interval_0"/>
<entry key="1" type="xstring" value="Interval_1"/>
</config>
<config key="attributeCounter">
<entry key="array-size" type="xint" value="2"/>
<entry key="0" type="xint" value="11"/>
<entry key="1" type="xint" value="29"/>
</config>
</config>
<config key="classValueData_1">
<entry key="classValue" type="xstring" value="F"/>
<entry key="noOfRows" type="xint" value="46"/>
<entry key="MissingValCounter" type="xint" value="0"/>
<config key="attributeValues">
<entry key="array-size" type="xint" value="2"/>
<entry key="0" type="xstring" value="Interval_0"/>
<entry key="1" type="xstring" value="Interval_1"/>
</config>
<config key="attributeCounter">
<entry key="array-size" type="xint" value="2"/>
<entry key="0" type="xint" value="7"/>
<entry key="1" type="xint" value="39"/>
</config>
</config>
</config>
</config>
<config key="AttributeModelData_27">
<entry key="attributeName" type="xstring" value="Class"/>
<entry key="type" type="xstring" value="ClassModel"/>
<entry key="skipMissingVals" type="xboolean" value="false"/>
<entry key="numberOfMissingValues" type="xint" value="0"/>
<entry key="invalidCause" type="xstring" isnull="true" value=""/>
<config key="data">
<entry key="totalNoOfRecords" type="xint" value="86"/>
<entry key="maxNoOfClassValues" type="xint" value="20"/>
<config key="classValues">
<entry key="array-size" type="xint" value="2"/>
<entry key="0" type="xstring" value="F"/>
<entry key="1" type="xstring" value="T"/>
</config>
<config key="classRecordCounter">
<entry key="array-size" type="xint" value="2"/>
<entry key="0" type="xint" value="46"/>
<entry key="1" type="xint" value="40"/>
</config>
</config>
</config>
<config key="AttributeModelData_28">
<entry key="attributeName" type="xstring" value="PCA dimension 10"/>
<entry key="type" type="xstring" value="NominalModel"/>
<entry key="skipMissingVals" type="xboolean" value="false"/>
<entry key="numberOfMissingValues" type="xint" value="0"/>
<entry key="invalidCause" type="xstring" isnull="true" value=""/>
<config key="data">
<entry key="maxNoOfAttrs" type="xint" value="20"/>
<entry key="noOfClasses" type="xint" value="2"/>
<config key="attributeValues">
<entry key="array-size" type="xint" value="2"/>
<entry key="0" type="xstring" value="Interval_0"/>
<entry key="1" type="xstring" value="Interval_1"/>
</config>
<config key="classValueData_0">
<entry key="classValue" type="xstring" value="T"/>
<entry key="noOfRows" type="xint" value="40"/>
<entry key="MissingValCounter" type="xint" value="0"/>
<config key="attributeValues">
<entry key="array-size" type="xint" value="2"/>
<entry key="0" type="xstring" value="Interval_0"/>
<entry key="1" type="xstring" value="Interval_1"/>
</config>
<config key="attributeCounter">
<entry key="array-size" type="xint" value="2"/>
<entry key="0" type="xint" value="3"/>
<entry key="1" type="xint" value="37"/>
</config>
</config>
<config key="classValueData_1">
<entry key="classValue" type="xstring" value="F"/>
<entry key="noOfRows" type="xint" value="46"/>
<entry key="MissingValCounter" type="xint" value="0"/>
<config key="attributeValues">
<entry key="array-size" type="xint" value="1"/>
<entry key="0" type="xstring" value="Interval_1"/>
</config>
<config key="attributeCounter">
<entry key="array-size" type="xint" value="1"/>
<entry key="0" type="xint" value="46"/>
</config>
</config>
</config>
</config>
<config key="AttributeModelData_29">
<entry key="attributeName" type="xstring" value="PCA dimension 12"/>
<entry key="type" type="xstring" value="NominalModel"/>
<entry key="skipMissingVals" type="xboolean" value="false"/>
<entry key="numberOfMissingValues" type="xint" value="0"/>
<entry key="invalidCause" type="xstring" isnull="true" value=""/>
<config key="data">
<entry key="maxNoOfAttrs" type="xint" value="20"/>
<entry key="noOfClasses" type="xint" value="2"/>
<config key="attributeValues">
<entry key="array-size" type="xint" value="2"/>
<entry key="0" type="xstring" value="Interval_0"/>
<entry key="1" type="xstring" value="Interval_1"/>
</config>
<config key="classValueData_0">
<entry key="classValue" type="xstring" value="T"/>
<entry key="noOfRows" type="xint" value="40"/>
<entry key="MissingValCounter" type="xint" value="0"/>
<config key="attributeValues">
<entry key="array-size" type="xint" value="2"/>
<entry key="0" type="xstring" value="Interval_0"/>
<entry key="1" type="xstring" value="Interval_1"/>
</config>
<config key="attributeCounter">
<entry key="array-size" type="xint" value="2"/>
<entry key="0" type="xint" value="27"/>
<entry key="1" type="xint" value="13"/>
</config>
</config>
<config key="classValueData_1">
<entry key="classValue" type="xstring" value="F"/>
<entry key="noOfRows" type="xint" value="46"/>
<entry key="MissingValCounter" type="xint" value="0"/>
<config key="attributeValues">
<entry key="array-size" type="xint" value="2"/>
<entry key="0" type="xstring" value="Interval_0"/>
<entry key="1" type="xstring" value="Interval_1"/>
</config>
<config key="attributeCounter">
<entry key="array-size" type="xint" value="2"/>
<entry key="0" type="xint" value="39"/>
<entry key="1" type="xint" value="7"/>
</config>
</config>
</config>
</config>
<config key="AttributeModelData_30">
<entry key="attributeName" type="xstring" value="PCA dimension 11"/>
<entry key="type" type="xstring" value="NominalModel"/>
<entry key="skipMissingVals" type="xboolean" value="false"/>
<entry key="numberOfMissingValues" type="xint" value="0"/>
<entry key="invalidCause" type="xstring" isnull="true" value=""/>
<config key="data">
<entry key="maxNoOfAttrs" type="xint" value="20"/>
<entry key="noOfClasses" type="xint" value="2"/>
<config key="attributeValues">
<entry key="array-size" type="xint" value="2"/>
<entry key="0" type="xstring" value="Interval_0"/>
<entry key="1" type="xstring" value="Interval_1"/>
</config>
<config key="classValueData_0">
<entry key="classValue" type="xstring" value="T"/>
<entry key="noOfRows" type="xint" value="40"/>
<entry key="MissingValCounter" type="xint" value="0"/>
<config key="attributeValues">
<entry key="array-size" type="xint" value="2"/>
<entry key="0" type="xstring" value="Interval_0"/>
<entry key="1" type="xstring" value="Interval_1"/>
</config>
<config key="attributeCounter">
<entry key="array-size" type="xint" value="2"/>
<entry key="0" type="xint" value="29"/>
<entry key="1" type="xint" value="11"/>
</config>
</config>
<config key="classValueData_1">
<entry key="classValue" type="xstring" value="F"/>
<entry key="noOfRows" type="xint" value="46"/>
<entry key="MissingValCounter" type="xint" value="0"/>
<config key="attributeValues">
<entry key="array-size" type="xint" value="2"/>
<entry key="0" type="xstring" value="Interval_0"/>
<entry key="1" type="xstring" value="Interval_1"/>
</config>
<config key="attributeCounter">
<entry key="array-size" type="xint" value="2"/>
<entry key="0" type="xint" value="40"/>
<entry key="1" type="xint" value="6"/>
</config>
</config>
</config>
</config>
<config key="AttributeModelData_31">
<entry key="attributeName" type="xstring" value="PCA dimension 14"/>
<entry key="type" type="xstring" value="NominalModel"/>
<entry key="skipMissingVals" type="xboolean" value="false"/>
<entry key="numberOfMissingValues" type="xint" value="0"/>
<entry key="invalidCause" type="xstring" isnull="true" value=""/>
<config key="data">
<entry key="maxNoOfAttrs" type="xint" value="20"/>
<entry key="noOfClasses" type="xint" value="2"/>
<config key="attributeValues">
<entry key="array-size" type="xint" value="2"/>
<entry key="0" type="xstring" value="Interval_0"/>
<entry key="1" type="xstring" value="Interval_1"/>
</config>
<config key="classValueData_0">
<entry key="classValue" type="xstring" value="T"/>
<entry key="noOfRows" type="xint" value="40"/>
<entry key="MissingValCounter" type="xint" value="0"/>
<config key="attributeValues">
<entry key="array-size" type="xint" value="2"/>
<entry key="0" type="xstring" value="Interval_0"/>
<entry key="1" type="xstring" value="Interval_1"/>
</config>
<config key="attributeCounter">
<entry key="array-size" type="xint" value="2"/>
<entry key="0" type="xint" value="27"/>
<entry key="1" type="xint" value="13"/>
</config>
</config>
<config key="classValueData_1">
<entry key="classValue" type="xstring" value="F"/>
<entry key="noOfRows" type="xint" value="46"/>
<entry key="MissingValCounter" type="xint" value="0"/>
<config key="attributeValues">
<entry key="array-size" type="xint" value="2"/>
<entry key="0" type="xstring" value="Interval_0"/>
<entry key="1" type="xstring" value="Interval_1"/>
</config>
<config key="attributeCounter">
<entry key="array-size" type="xint" value="2"/>
<entry key="0" type="xint" value="24"/>
<entry key="1" type="xint" value="22"/>
</config>
</config>
</config>
</config>
<config key="AttributeModelData_32">
<entry key="attributeName" type="xstring" value="PCA dimension 13"/>
<entry key="type" type="xstring" value="NominalModel"/>
<entry key="skipMissingVals" type="xboolean" value="false"/>
<entry key="numberOfMissingValues" type="xint" value="0"/>
<entry key="invalidCause" type="xstring" isnull="true" value=""/>
<config key="data">
<entry key="maxNoOfAttrs" type="xint" value="20"/>
<entry key="noOfClasses" type="xint" value="2"/>
<config key="attributeValues">
<entry key="array-size" type="xint" value="2"/>
<entry key="0" type="xstring" value="Interval_0"/>
<entry key="1" type="xstring" value="Interval_1"/>
</config>
<config key="classValueData_0">
<entry key="classValue" type="xstring" value="T"/>
<entry key="noOfRows" type="xint" value="40"/>
<entry key="MissingValCounter" type="xint" value="0"/>
<config key="attributeValues">
<entry key="array-size" type="xint" value="2"/>
<entry key="0" type="xstring" value="Interval_0"/>
<entry key="1" type="xstring" value="Interval_1"/>
</config>
<config key="attributeCounter">
<entry key="array-size" type="xint" value="2"/>
<entry key="0" type="xint" value="28"/>
<entry key="1" type="xint" value="12"/>
</config>
</config>
<config key="classValueData_1">
<entry key="classValue" type="xstring" value="F"/>
<entry key="noOfRows" type="xint" value="46"/>
<entry key="MissingValCounter" type="xint" value="0"/>
<config key="attributeValues">
<entry key="array-size" type="xint" value="2"/>
<entry key="0" type="xstring" value="Interval_0"/>
<entry key="1" type="xstring" value="Interval_1"/>
</config>
<config key="attributeCounter">
<entry key="array-size" type="xint" value="2"/>
<entry key="0" type="xint" value="39"/>
<entry key="1" type="xint" value="7"/>
</config>
</config>
</config>
</config>
</config>
</config>
</config>
</config>
